字,閩南語聲母,閩南語韻母,閩南語調,文白音
亞,,a,1,替
腌,,a,1,替
阿,,a,1,白
鴉,,a,1,
哈,h,a,1,
交,k,a,1,替
佳,k,a,1,
傀,k,a,1,替
加,k,a,1,替
咖,k,a,1,
咳,k,a,1,替
嘉,k,a,1,
家,k,a,1,文
枷,k,a,1,文
瞌,k,a,1,替
膠,k,a,1,
茄,k,a,1,
茭,k,a,1,
虼,k,a,1,替
袈,k,a,1,
鉸,k,a,1,
鮫,k,a,1,
鵁,k,a,1,替
咳,kh,a,1,替
尻,kh,a,1,替
枷,kh,a,1,文
茭,kh,a,1,
跤,kh,a,1,
拉,l,a,1,替
媽,m,a,1,
馬,m,a,1,替
焦,n,a,1,替
吧,p,a,1,替
巴,p,a,1,
疤,p,a,1,
笆,p,a,1,
羓,p,a,1,替
芭,p,a,1,
𢼌,p,a,1,替
拋,ph,a,1,白
脬,ph,a,1,
葩,ph,a,1,
捎,s,a,1,
柵,s,a,1,俗
沙,s,a,1,文
紗,s,a,1,文
莎,s,a,1,
大,t,a,1,替
奈,t,a,1,白
焦,t,a,1,替
礁,t,a,1,白
昨,ts,a,1,
查,ts,a,1,俗
臢,ts,a,1,替
差,tsh,a,1,文
橄,k,ann,1,白
監,k,ann,1,白
坩,kh,ann,1,替
三,s,ann,1,白
相,s,ann,1,白
衫,s,ann,1,
今,t,ann,1,替
擔,t,ann,1,白
他,th,ann,1,
庵,,am,1,
掩,,am,1,替
罨,,am,1,替
諳,,am,1,
醃,,am,1,
闇,,am,1,替
𧌄,,am,1,
䈄,h,am,1,替
蚶,h,am,1,
𦜆,h,am,1,替
柑,k,am,1,
甘,k,am,1,
疳,k,am,1,
監,k,am,1,文
魽,k,am,1,替
勘,kh,am,1,
堪,kh,am,1,
龕,kh,am,1,
籠,l,am,1,替
三,s,am,1,文
杉,s,am,1,
舢,s,am,1,
啖,t,am,1,替
擔,t,am,1,文
貪,th,am,1,
沾,ts,am,1,替
參,tsh,am,1,
摻,tsh,am,1,
安,,an,1,文
鞍,,an,1,文
屘,b,an,1,
番,h,an,1,
乾,k,an,1,文
奸,k,an,1,
姦,k,an,1,
干,k,an,1,
杆,k,an,1,文
橄,k,an,1,文
矸,k,an,1,替
肝,k,an,1,文
艱,k,an,1,
間,k,an,1,文
刊,kh,an,1,
牽,kh,an,1,白
趼,l,an,1,替
斑,p,an,1,
班,p,an,1,
般,p,an,1,文
頒,p,an,1,
攀,ph,an,1,
刪,s,an,1,
山,s,an,1,文
星,s,an,1,白
芟,s,an,1,文
丹,t,an,1,
單,t,an,1,文
癉,t,an,1,替
攤,th,an,1,文
灘,th,an,1,
蟶,th,an,1,
曾,ts,an,1,白
罾,ts,an,1,替
齻,ts,an,1,替
呻,tsh,an,1,白
潺,tsh,an,1,
餐,tsh,an,1,
尪,,ang,1,替
翁,,ang,1,白
烘,h,ang,1,白
魴,h,ang,1,
公,k,ang,1,白
功,k,ang,1,白
崗,k,ang,1,白
工,k,ang,1,白
江,k,ang,1,
蚣,k,ang,1,
工,kh,ang,1,替
空,kh,ang,1,白
櫳,l,ang,1,替
籠,l,ang,1,替
郎,l,ang,1,
封,p,ang,1,白
崩,p,ang,1,白
幫,p,ang,1,
枋,p,ang,1,
邦,p,ang,1,
芳,ph,ang,1,白
蜂,ph,ang,1,白
鬆,s,ang,1,白
冬,t,ang,1,白
噹,t,ang,1,替
東,t,ang,1,白
當,t,ang,1,白
苳,t,ang,1,
熥,th,ang,1,
窗,th,ang,1,白
通,th,ang,1,白
㨑,ts,ang,1,替
棕,ts,ang,1,
鬃,ts,ang,1,
鯮,ts,ang,1,替
娼,tsh,ang,1,替
蔥,tsh,ang,1,
哀,,ai,1,
哎,,ai,1,
埃,,ai,1,
挨,,ai,1,文
屄,b,ai,1,替
咍,h,ai,1,
奒,h,ai,1,替
偕,k,ai,1,
皆,k,ai,1,
該,k,ai,1,
階,k,ai,1,
開,kh,ai,1,文
哩,m,ai,1,替
奶,n,ai,1,替
俳,p,ai,1,替
司,s,ai,1,白
師,s,ai,1,白
揌,s,ai,1,替
犀,s,ai,1,白
獅,s,ai,1,
私,s,ai,1,白
西,s,ai,1,白
呆,t,ai,1,
秮,t,ai,1,替
鮘,t,ai,1,替
篩,th,ai,1,
胎,th,ai,1,文
苔,th,ai,1,文
颱,th,ai,1,
哉,ts,ai,1,
栽,ts,ai,1,
災,ts,ai,1,
知,ts,ai,1,白
齋,ts,ai,1,文
差,tsh,ai,1,
猜,tsh,ai,1,
釵,tsh,ai,1,文
哼,h,ainn,1,替
喈,k,ainn,1,替
掮,kh,ainn,1,替
歐,,au,1,白
漚,,au,1,
甌,,au,1,
嘐,h,au,1,替
交,k,au,1,
勾,k,au,1,
溝,k,au,1,白
蛟,k,au,1,
郊,k,au,1,
鉤,k,au,1,
高,k,au,1,
剾,kh,au,1,
扣,kh,au,1,替
敲,kh,au,1,
薅,kh,au,1,
鬮,kh,au,1,
蹓,l,au,1,
㧌,m,au,1,替
包,p,au,1,
胞,p,au,1,
苞,p,au,1,
鮑,p,au,1,俗
拋,ph,au,1,文
梢,s,au,1,替
兜,t,au,1,
掜,t,au,1,替
偷,th,au,1,
㷮,ts,au,1,替
糟,ts,au,1,
蹧,ts,au,1,
鄒,ts,au,1,
抄,tsh,au,1,
操,tsh,au,1,白
臊,tsh,au,1,替
鈔,tsh,au,1,
下,,e,1,替
倭,,e,1,
挨,,e,1,白
萵,,e,1,替
鍋,,e,1,替
彼,h,e,1,替
痚,h,e,1,替
加,k,e,1,白
基,k,e,1,白
家,k,e,1,白
街,k,e,1,
雞,k,e,1,
刮,kh,e,1,替
溪,kh,e,1,
絡,l,e,1,替
搣,m,e,1,替
呢,n,e,1,替
奶,n,e,1,替
拈,n,e,1,替
扒,p,e,1,替
菠,p,e,1,白
飛,p,e,1,白
坯,ph,e,1,替
胚,ph,e,1,
梳,s,e,1,
沙,s,e,1,白
犀,s,e,1,文
疏,s,e,1,白
砂,s,e,1,文
紗,s,e,1,白
蔬,s,e,1,白
裟,s,e,1,
西,s,e,1,文
嗲,t,e,1,替
炱,t,e,1,替
秪,t,e,1,
䖙,th,e,1,替
推,th,e,1,白
撐,th,e,1,
梯,th,e,1,文
胎,th,e,1,白
釵,th,e,1,白
劑,ts,e,1,俗
渣,ts,e,1,
災,ts,e,1,替
這,ts,e,1,替
齋,ts,e,1,白
初,tsh,e,1,白
叉,tsh,e,1,
吹,tsh,e,1,白
妻,tsh,e,1,
尺,tsh,e,1,替
差,tsh,e,1,白
棲,tsh,e,1,
淒,tsh,e,1,
炊,tsh,e,1,
嬰,,enn,1,白
纓,,enn,1,白
庚,k,enn,1,白
更,k,enn,1,白
經,k,enn,1,白
羹,k,enn,1,白
驚,k,enn,1,白
坑,kh,enn,1,白
繃,p,enn,1,
伻,ph,enn,1,替
牲,s,enn,1,白
生,s,enn,1,白
蹬,t,enn,1,替
爭,ts,enn,1,白
星,tsh,enn,1,白
生,tsh,enn,1,白
腥,tsh,enn,1,
菁,tsh,enn,1,
親,tsh,enn,1,白
青,tsh,enn,1,白
嘻,h,i,1,
墟,h,i,1,替
嬉,h,i,1,
希,h,i,1,
犧,h,i,1,
稀,h,i,1,
虛,h,i,1,白
伊,,i,1,
依,,i,1,
衣,,i,1,文
遺,,i,1,替
醫,,i,1,
敧,kh,i,1,
欺,kh,i,1,
蹊,kh,i,1,
乩,k,i,1,
吱,k,i,1,替
基,k,i,1,文
妓,k,i,1,
姬,k,i,1,
居,k,i,1,白
技,k,i,1,
支,k,i,1,白
期,k,i,1,
枝,k,i,1,白
梔,k,i,1,
機,k,i,1,文
箕,k,i,1,
肌,k,i,1,
肢,k,i,1,
裾,k,i,1,
譏,k,i,1,
車,k,i,1,文
飢,k,i,1,
哩,l,i,1,替
離,l,i,1,替
搣,m,i,1,替
糜,m,i,1,替
鞭,m,i,1,替
奶,n,i,1,替
拈,n,i,1,
批,ph,i,1,文
披,ph,i,1,
砒,ph,i,1,替
卑,p,i,1,
啡,p,i,1,
埤,p,i,1,
悲,p,i,1,
碑,p,i,1,
螕,p,i,1,替
觱,p,i,1,
豍,p,i,1,替
司,s,i,1,白
噓,s,i,1,替
屍,s,i,1,
思,s,i,1,白
施,s,i,1,
私,s,i,1,白
窸,s,i,1,替
絲,s,i,1,
西,s,i,1,俗
詩,s,i,1,
鷥,s,i,1,
麶,th,i,1,
黐,th,i,1,替
呧,t,i,1,替
知,t,i,1,文
蜘,t,i,1,
豬,t,i,1,
嗤,tsh,i,1,替
悽,tsh,i,1,
痴,tsh,i,1,
癡,tsh,i,1,
腮,tsh,i,1,替
蛆,tsh,i,1,
鰓,tsh,i,1,
鴟,tsh,i,1,
之,ts,i,1,
支,ts,i,1,文
枝,ts,i,1,文
脂,ts,i,1,
膣,ts,i,1,替
芝,ts,i,1,
嚶,,inn,1,
嬰,,inn,1,白
纓,,inn,1,替
坑,kh,inn,1,白
庚,k,inn,1,白
更,k,inn,1,白
經,k,inn,1,白
羹,k,inn,1,白
鹼,k,inn,1,白
偏,ph,inn,1,白
篇,ph,inn,1,白
編,p,inn,1,白
繃,p,inn,1,
邊,p,inn,1,白
鞭,p,inn,1,白
牲,s,inn,1,白
生,s,inn,1,白
天,th,inn,1,白
添,th,inn,1,白
甜,t,inn,1,
星,tsh,inn,1,白
清,tsh,inn,1,白
生,tsh,inn,1,白
腥,tsh,inn,1,
菁,tsh,inn,1,
親,tsh,inn,1,白
青,tsh,inn,1,白
鮮,tsh,inn,1,白
晶,ts,inn,1,白
櫼,ts,inn,1,
氈,ts,inn,1,
爭,ts,inn,1,白
精,ts,inn,1,白
欣,h,im,1,
歆,h,im,1,
鑫,h,im,1,
淹,,im,1,
陰,,im,1,文
音,,im,1,
欽,kh,im,1,
矜,kh,im,1,文
襟,kh,im,1,
今,k,im,1,文
金,k,im,1,
啉,l,im,1,替
參,s,im,1,
心,s,im,1,
森,s,im,1,
鴆,th,im,1,
侵,tsh,im,1,
深,tsh,im,1,
唚,ts,im,1,替
斟,ts,im,1,
箴,ts,im,1,
因,,in,1,
姻,,in,1,
恩,,in,1,白
殷,,in,1,白
絪,,in,1,替
茵,,in,1,
𪜶,,in,1,替
輕,kh,in,1,白
今,k,in,1,白
均,k,in,1,
巾,k,in,1,
斤,k,in,1,
根,k,in,1,
筋,k,in,1,
跟,k,in,1,
玲,l,in,1,替
輪,l,in,1,替
彬,p,in,1,
斌,p,in,1,
檳,p,in,1,
殯,p,in,1,
濱,p,in,1,
賓,p,in,1,
伸,s,in,1,文
先,s,in,1,白
呻,s,in,1,文
新,s,in,1,
申,s,in,1,
紳,s,in,1,
薪,s,in,1,
身,s,in,1,
辛,s,in,1,
徵,t,in,1,白
津,t,in,1,白
珍,t,in,1,文
親,tsh,in,1,文
升,ts,in,1,白
榛,ts,in,1,
津,ts,in,1,文
珍,ts,in,1,白
甄,ts,in,1,
真,ts,in,1,
亨,h,ing,1,
兄,h,ing,1,文
胸,h,ing,1,白
興,h,ing,1,
馨,h,ing,1,
坱,,ing,1,替
嬰,,ing,1,文
應,,ing,1,文
櫻,,ing,1,
瑛,,ing,1,
癰,,ing,1,替
纓,,ing,1,文
英,,ing,1,
鶯,,ing,1,
鷹,,ing,1,
鸚,,ing,1,
傾,kh,ing,1,
卿,kh,ing,1,
坑,kh,ing,1,文
框,kh,ing,1,白
筐,kh,ing,1,白
輕,kh,ing,1,文
銎,kh,ing,1,替
頃,kh,ing,1,
京,k,ing,1,文
供,k,ing,1,白
宮,k,ing,1,白
庚,k,ing,1,文
弓,k,ing,1,白
擎,k,ing,1,
更,k,ing,1,文
矜,k,ing,1,白
經,k,ing,1,文
羹,k,ing,1,文
耕,k,ing,1,
肩,k,ing,1,白
荊,k,ing,1,
莖,k,ing,1,
間,k,ing,1,白
驚,k,ing,1,文
奶,l,ing,1,替
娉,ph,ing,1,
拼,ph,ing,1,
烹,ph,ing,1,
兵,p,ing,1,
冰,p,ing,1,
崩,p,ing,1,文
僧,s,ing,1,
先,s,ing,1,白
勝,s,ing,1,
升,s,ing,1,文
昇,s,ing,1,
星,s,ing,1,文
牲,s,ing,1,文
猩,s,ing,1,
生,s,ing,1,文
甥,s,ing,1,
笙,s,ing,1,
聲,s,ing,1,文
芟,s,ing,1,白
陞,s,ing,1,
廳,th,ing,1,文
聽,th,ing,1,文
丁,t,ing,1,
叮,t,ing,1,
徵,t,ing,1,文
燈,t,ing,1,
町,t,ing,1,
疔,t,ing,1,
登,t,ing,1,
釘,t,ing,1,
千,tsh,ing,1,白
清,tsh,ing,1,文
稱,tsh,ing,1,
青,tsh,ing,1,文
偵,ts,ing,1,
僧,ts,ing,1,
增,ts,ing,1,
征,ts,ing,1,
晶,ts,ing,1,文
曾,ts,ing,1,文
爭,ts,ing,1,文
睛,ts,ing,1,
禎,ts,ing,1,
箏,ts,ing,1,
精,ts,ing,1,文
舂,ts,ing,1,
菁,ts,ing,1,
蒸,ts,ing,1,
貞,ts,ing,1,
鍾,ts,ing,1,白
鐘,ts,ing,1,
桸,h,ia,1,替
遐,h,ia,1,替
靴,h,ia,1,
埃,,ia,1,替
遮,j,ia,1,
奇,kh,ia,1,白
迦,kh,ia,1,
遮,l,ia,1,
賒,s,ia,1,
爹,t,ia,1,
奢,tsh,ia,1,
捙,tsh,ia,1,替
車,tsh,ia,1,白
遮,ts,ia,1,替
兄,h,iann,1,白
纓,,iann,1,白
京,k,iann,1,白
驚,k,iann,1,白
抨,ph,iann,1,
骿,ph,iann,1,替
聲,s,iann,1,白
廳,th,iann,1,白
聽,th,iann,1,白
正,ts,iann,1,白
精,ts,iann,1,白
薟,h,iam,1,
閹,,iam,1,
陰,,iam,1,白
歉,kh,iam,1,俗
謙,kh,iam,1,
兼,k,iam,1,
拈,l,iam,1,
跕,l,iam,1,替
䀐,s,iam,1,
纖,s,iam,1,替
添,th,iam,1,文
砧,t,iam,1,
攕,tsh,iam,1,替
簽,tsh,iam,1,
籤,tsh,iam,1,
占,ts,iam,1,
尖,ts,iam,1,
瞻,ts,iam,1,
簪,ts,iam,1,
詹,ts,iam,1,
針,ts,iam,1,
鍼,ts,iam,1,
掀,h,ian,1,
軒,h,ian,1,文
咽,,ian,1,
嫣,,ian,1,
淵,,ian,1,
煙,,ian,1,
燕,,ian,1,
胭,,ian,1,
軒,,ian,1,白
鵪,,ian,1,
圈,kh,ian,1,替
掔,kh,ian,1,替
牽,kh,ian,1,文
堅,k,ian,1,
慳,k,ian,1,
肩,k,ian,1,文
蔫,l,ian,1,替
偏,ph,ian,1,文
篇,ph,ian,1,文
翩,ph,ian,1,
扳,p,ian,1,替
編,p,ian,1,文
邊,p,ian,1,文
鞭,p,ian,1,文
仙,s,ian,1,
先,s,ian,1,文
身,s,ian,1,替
鉎,s,ian,1,
鮮,s,ian,1,文
天,th,ian,1,文
顛,th,ian,1,替
滇,t,ian,1,
顛,t,ian,1,
仟,tsh,ian,1,
千,tsh,ian,1,文
遷,tsh,ian,1,
韆,tsh,ian,1,
煎,ts,ian,1,文
箋,ts,ian,1,
婸,g,iang,1,替
鈃,g,iang,1,替
香,h,iang,1,文
央,,iang,1,文
秧,,iang,1,文
勍,kh,iang,1,替
喨,l,iang,1,替
雙,s,iang,1,
漳,ts,iang,1,
僥,h,iau,1,替
囂,h,iau,1,
梟,h,iau,1,
驍,h,iau,1,
妖,,iau,1,
枵,,iau,1,
腰,,iau,1,文
要,,iau,1,
邀,,iau,1,文
曲,kh,iau,1,
蹺,kh,iau,1,替
交,k,iau,1,替
嬌,k,iau,1,
轎,k,iau,1,俗
驕,k,iau,1,
擽,ng,iau,1,替
貓,n,iau,1,
標,ph,iau,1,文
漂,ph,iau,1,
飄,ph,iau,1,
飆,ph,iau,1,
標,p,iau,1,文
宵,s,iau,1,
消,s,iau,1,
瀟,s,iau,1,
痟,s,iau,1,替
硝,s,iau,1,
簫,s,iau,1,
蕭,s,iau,1,文
逍,s,iau,1,
銷,s,iau,1,
刁,th,iau,1,替
挑,th,iau,1,文
超,th,iau,1,白
凋,t,iau,1,
刁,t,iau,1,
朝,t,iau,1,
潮,t,iau,1,俗
調,t,iau,1,
貂,t,iau,1,
雕,t,iau,1,
鵰,t,iau,1,
搜,tsh,iau,1,替
超,tsh,iau,1,文
招,ts,iau,1,文
昭,ts,iau,1,
椒,ts,iau,1,文
焦,ts,iau,1,
礁,ts,iau,1,文
蕉,ts,iau,1,文
喓,,iaunn,1,替
么,,io,1,
歐,,io,1,文
育,,io,1,替
腰,,io,1,白
邀,,io,1,白
標,p,io,1,白
鏢,p,io,1,
燒,s,io,1,
相,s,io,1,白
蕭,s,io,1,白
挑,th,io,1,白
俏,tsh,io,1,替
𪁎,tsh,io,1,替
招,ts,io,1,白
椒,ts,io,1,白
蕉,ts,io,1,白
兇,h,iong,1,
凶,h,iong,1,
胸,h,iong,1,文
鄉,h,iong,1,文
香,h,iong,1,文
馨,h,iong,1,
央,,iong,1,文
殃,,iong,1,
泱,,iong,1,
秧,,iong,1,文
鴦,,iong,1,文
僵,kh,iong,1,
姜,kh,iong,1,文
殭,kh,iong,1,
腔,kh,iong,1,文
供,k,iong,1,文
姜,k,iong,1,文
宮,k,iong,1,文
弓,k,iong,1,文
恭,k,iong,1,
疆,k,iong,1,
穹,k,iong,1,
羌,k,iong,1,
芎,k,iong,1,
躬,k,iong,1,
傷,s,iong,1,文
商,s,iong,1,
湘,s,iong,1,
相,s,iong,1,文
箱,s,iong,1,文
襄,s,iong,1,
衷,th,iong,1,
中,t,iong,1,文
張,t,iong,1,文
忠,t,iong,1,
倡,tsh,iong,1,
充,tsh,iong,1,
娼,tsh,iong,1,
從,tsh,iong,1,文
昌,tsh,iong,1,
沖,tsh,iong,1,
猖,tsh,iong,1,
縱,tsh,iong,1,
菖,tsh,iong,1,
衝,tsh,iong,1,
鏘,tsh,iong,1,
將,ts,iong,1,
彰,ts,iong,1,
樟,ts,iong,1,文
漿,ts,iong,1,文
章,ts,iong,1,文
終,ts,iong,1,
鍾,ts,iong,1,文
障,ts,iong,1,俗
休,h,iu,1,
咻,h,iu,1,替
優,,iu,1,
幽,,iu,1,
悠,,iu,1,
憂,,iu,1,
猶,,iu,1,
釉,,iu,1,
丘,kh,iu,1,文
鳩,kh,iu,1,
勼,k,iu,1,
溜,l,iu,1,
鰡,l,iu,1,替
彪,p,iu,1,
修,s,iu,1,
收,s,iu,1,
羞,s,iu,1,
抽,th,iu,1,
紬,th,iu,1,
丟,t,iu,1,
秋,tsh,iu,1,
羞,tsh,iu,1,替
鞦,tsh,iu,1,
鬚,tsh,iu,1,白
鶖,tsh,iu,1,替
周,ts,iu,1,
州,ts,iu,1,
洲,ts,iu,1,
睭,ts,iu,1,替
舟,ts,iu,1,
週,ts,iu,1,
鄉,h,iunn,1,白
香,h,iunn,1,白
鴦,,iunn,1,白
姜,kh,iunn,1,白
腔,kh,iunn,1,白
姜,k,iunn,1,白
羌,k,iunn,1,
薑,k,iunn,1,
傷,s,iunn,1,白
廂,s,iunn,1,
相,s,iunn,1,白
箱,s,iunn,1,白
張,t,iunn,1,白
槍,tsh,iunn,1,
腔,tsh,iunn,1,替
鯧,tsh,iunn,1,
樟,ts,iunn,1,白
漿,ts,iunn,1,白
章,ts,iunn,1,白
螿,ts,iunn,1,
坊,h,ng,1,白
方,h,ng,1,白
昏,h,ng,1,白
荒,h,ng,1,白
康,kh,ng,1,白
糠,kh,ng,1,白
光,k,ng,1,白
扛,k,ng,1,白
缸,k,ng,1,白
央,,ng,1,白
掩,,ng,1,替
秧,,ng,1,白
軁,n,ng,1,替
幫,p,ng,1,替
方,p,ng,1,白
楓,p,ng,1,白
喪,s,ng,1,白
栓,s,ng,1,
桑,s,ng,1,白
痠,s,ng,1,
酸,s,ng,1,白
霜,s,ng,1,白
湯,th,ng,1,白
張,t,ng,1,替
當,t,ng,1,白
倉,tsh,ng,1,白
川,tsh,ng,1,替
栓,tsh,ng,1,
瘡,tsh,ng,1,白
穿,tsh,ng,1,白
艙,tsh,ng,1,白
妝,ts,ng,1,白
庄,ts,ng,1,
磚,ts,ng,1,白
粧,ts,ng,1,白
莊,ts,ng,1,白
裝,ts,ng,1,白
贓,ts,ng,1,白
熇,h,o,1,替
柯,kh,o,1,
科,kh,o,1,
苛,kh,o,1,
哥,k,o,1,
戈,k,o,1,
歌,k,o,1,文
篙,k,o,1,
糕,k,o,1,
羔,k,o,1,
膏,k,o,1,
鍋,k,o,1,
高,k,o,1,
𰣻,k,o,1,替
叨,l,o,1,替
嘮,l,o,1,
囉,l,o,1,替
呵,,o,1,替
媧,,o,1,
窩,,o,1,
蒿,,o,1,
阿,,o,1,文
坡,ph,o,1,
泡,ph,o,1,替
波,ph,o,1,
玻,p,o,1,
菠,p,o,1,文
褒,p,o,1,
唆,s,o,1,
嗦,s,o,1,
挲,s,o,1,
梭,s,o,1,
莎,s,o,1,
騷,s,o,1,
刀,t,o,1,
多,t,o,1,
都,t,o,1,白
操,tsh,o,1,文
磋,tsh,o,1,
臊,tsh,o,1,替
蹉,tsh,o,1,
慒,ts,o,1,替
遭,ts,o,1,
呼,h,onn,1,替
齁,h,onn,1,替
唔,,onn,1,替
嗚,,onn,1,替
掩,,om,1,替
參,s,om,1,
摸,b,ong,1,
坊,h,ong,1,文
封,h,ong,1,文
峰,h,ong,1,
慌,h,ong,1,
揈,h,ong,1,
方,h,ong,1,文
楓,h,ong,1,文
烘,h,ong,1,文
瘋,h,ong,1,
芳,h,ong,1,文
荒,h,ong,1,文
蜂,h,ong,1,文
謊,h,ong,1,
豐,h,ong,1,文
轟,h,ong,1,
酆,h,ong,1,
鋒,h,ong,1,
風,h,ong,1,
匡,kh,ong,1,
康,kh,ong,1,文
悾,kh,ong,1,
框,kh,ong,1,文
空,kh,ong,1,文
筐,kh,ong,1,文
糠,kh,ong,1,文
光,k,ong,1,文
公,k,ong,1,文
剛,k,ong,1,
功,k,ong,1,文
岡,k,ong,1,
崗,k,ong,1,文
工,k,ong,1,文
扛,k,ong,1,文
攻,k,ong,1,
綱,k,ong,1,
缸,k,ong,1,文
肛,k,ong,1,
胱,k,ong,1,
鋼,k,ong,1,文
囊,l,ong,1,替
瑯,l,ong,1,替
龍,l,ong,1,替
汪,,ong,1,
翁,,ong,1,文
豐,ph,ong,1,白
喪,s,ong,1,文
孀,s,ong,1,
桑,s,ong,1,文
霜,s,ong,1,文
鬆,s,ong,1,文
湯,th,ong,1,文
蓪,th,ong,1,
通,th,ong,1,文
冬,t,ong,1,文
東,t,ong,1,文
當,t,ong,1,文
倉,tsh,ong,1,文
創,tsh,ong,1,
匆,tsh,ong,1,
滄,tsh,ong,1,
瘡,tsh,ong,1,文
窗,tsh,ong,1,文
聰,tsh,ong,1,
艙,tsh,ong,1,文
蒼,tsh,ong,1,
妝,ts,ong,1,文
宗,ts,ong,1,
粧,ts,ong,1,文
綜,ts,ong,1,
臧,ts,ong,1,
莊,ts,ong,1,文
裝,ts,ong,1,文
贓,ts,ong,1,文
蹤,ts,ong,1,
摸,b,oo,1,
呼,h,oo,1,文
可,kh,oo,1,替
呼,kh,oo,1,白
箍,kh,oo,1,
姑,k,oo,1,
孤,k,oo,1,
枯,k,oo,1,
溝,k,oo,1,文
罟,k,oo,1,
膏,k,oo,1,俗
菇,k,oo,1,
蛄,k,oo,1,替
辜,k,oo,1,
鮕,k,oo,1,
鴣,k,oo,1,
摸,m,oo,1,替
毛,m,oo,1,替
區,,oo,1,
嗚,,oo,1,
槔,,oo,1,替
烏,,oo,1,
謳,,oo,1,
鄔,,oo,1,
阿,,oo,1,
鷗,,oo,1,
鋪,ph,oo,1,
麩,ph,oo,1,白
埔,p,oo,1,
埠,p,oo,1,俗
晡,p,oo,1,
蜅,p,oo,1,替
搜,s,oo,1,
疏,s,oo,1,文
穌,s,oo,1,
舒,s,oo,1,白
蔬,s,oo,1,文
蘇,s,oo,1,
酥,s,oo,1,
都,t,oo,1,文
初,tsh,oo,1,文
粗,tsh,oo,1,
租,ts,oo,1,
組,ts,oo,1,
俘,h,u,1,
夫,h,u,1,
孵,h,u,1,
撫,h,u,1,替
敷,h,u,1,
烌,h,u,1,替
膚,h,u,1,
虎,h,u,1,
虛,h,u,1,文
麩,h,u,1,文
丘,kh,u,1,白
區,kh,u,1,
坵,kh,u,1,
拘,kh,u,1,
軀,kh,u,1,
邱,kh,u,1,
驅,kh,u,1,
呴,k,u,1,替
居,k,u,1,白
痀,k,u,1,
苦,k,u,1,替
裾,k,u,1,
跔,k,u,1,
車,k,u,1,文
龜,k,u,1,白
攄,l,u,1,替
哹,p,u,1,替
司,s,u,1,文
師,s,u,1,文
思,s,u,1,文
斯,s,u,1,
書,s,u,1,文
私,s,u,1,文
舒,s,u,1,文
軀,s,u,1,
輸,s,u,1,
需,s,u,1,
須,s,u,1,
鬚,s,u,1,文
嵯,tsh,u,1,
樞,tsh,u,1,
舒,tsh,u,1,替
蛆,tsh,u,1,
趨,tsh,u,1,替
姿,ts,u,1,
孜,ts,u,1,
書,ts,u,1,白
朱,ts,u,1,
株,ts,u,1,文
滋,ts,u,1,
珠,ts,u,1,
硃,ts,u,1,
茱,ts,u,1,
諮,ts,u,1,
諸,ts,u,1,
資,ts,u,1,
㧣,t,u,1,替
株,t,u,1,白
蛛,t,u,1,
豬,t,u,1,
汙,,u,1,
污,,u,1,
烏,,u,1,替
趺,,u,1,替
分,h,un,1,文
勳,h,un,1,
吩,h,un,1,文
婚,h,un,1,
昏,h,un,1,文
熏,h,un,1,
紛,h,un,1,
芬,h,un,1,
薰,h,un,1,
坤,kh,un,1,
昆,kh,un,1,
髡,kh,un,1,
君,k,un,1,
均,k,un,1,
巾,k,un,1,
斤,k,un,1,
根,k,un,1,
筋,k,un,1,
跟,k,un,1,
軍,k,un,1,
鈞,k,un,1,
圇,l,un,1,替
奔,ph,un,1,
潘,ph,un,1,白
分,p,un,1,白
孫,s,un,1,
吞,th,un,1,
伸,tsh,un,1,白
春,tsh,un,1,
村,tsh,un,1,
賰,tsh,un,1,替
鶉,tsh,un,1,文
尊,ts,un,1,
蹲,ts,un,1,
遵,ts,un,1,
墩,t,un,1,
敦,t,un,1,
鈍,t,un,1,俗
鶉,t,un,1,白
恩,,un,1,白
殷,,un,1,
溫,,un,1,
瘟,,un,1,
蝹,,un,1,替
鰮,,un,1,替
化,h,ua,1,替
花,h,ua,1,文
華,h,ua,1,
誇,kh,ua,1,
柯,k,ua,1,替
歌,k,ua,1,白
瓜,k,ua,1,文
幔,m,ua,1,替
沙,s,ua,1,白
痧,s,ua,1,
砂,s,ua,1,白
鯊,s,ua,1,
拖,th,ua,1,
娃,,ua,1,
蛙,,ua,1,
歡,h,uann,1,白
寬,kh,uann,1,白
乾,k,uann,1,白
倌,k,uann,1,
官,k,uann,1,白
杆,k,uann,1,白
棺,k,uann,1,白
竿,k,uann,1,
肝,k,uann,1,白
菅,k,uann,1,替
潘,ph,uann,1,白
搬,p,uann,1,白
般,p,uann,1,白
山,s,uann,1,白
攤,th,uann,1,白
灘,th,uann,1,
扦,tsh,uann,1,替
煎,ts,uann,1,白
單,t,uann,1,白
端,t,uann,1,白
蛋,t,uann,1,替
安,,uann,1,白
鞍,,uann,1,白
吩,h,uan,1,白
幡,h,uan,1,
歡,h,uan,1,文
番,h,uan,1,
翻,h,uan,1,
蕃,h,uan,1,
藩,h,uan,1,文
圈,kh,uan,1,
寬,kh,uan,1,文
冠,k,uan,1,
娟,k,uan,1,
官,k,uan,1,文
捐,k,uan,1,
棺,k,uan,1,文
綸,k,uan,1,
觀,k,uan,1,文
關,k,uan,1,文
鵑,k,uan,1,
潘,ph,uan,1,文
藩,ph,uan,1,白
搬,p,uan,1,文
喧,s,uan,1,
宣,s,uan,1,
旋,s,uan,1,替
珊,s,uan,1,
酸,s,uan,1,文
川,tsh,uan,1,
穿,tsh,uan,1,文
詮,tsh,uan,1,
釧,tsh,uan,1,
專,ts,uan,1,
磚,ts,uan,1,文
端,t,uan,1,文
冤,,uan,1,
彎,,uan,1,
灣,,uan,1,
鴛,,uan,1,
嚾,,uang,1,
乖,k,uai,1,
胿,k,uai,1,
歪,,uai,1,
杆,k,uainn,1,白
關,k,uainn,1,白
恢,h,ue,1,俗
灰,h,ue,1,
花,h,ue,1,白
飛,h,ue,1,替
恢,kh,ue,1,
溪,kh,ue,1,
盔,kh,ue,1,
詼,kh,ue,1,
魁,kh,ue,1,
瓜,k,ue,1,白
街,k,ue,1,
雞,k,ue,1,
坯,ph,ue,1,替
批,ph,ue,1,白
胚,ph,ue,1,
杯,p,ue,1,
桮,p,ue,1,替
菠,p,ue,1,白
飛,p,ue,1,白
梳,s,ue,1,
衰,s,ue,1,
初,tsh,ue,1,白
吹,tsh,ue,1,白
炊,tsh,ue,1,
椏,,ue,1,替
煨,,ue,1,替
萵,,ue,1,替
鍋,,ue,1,替
微,b,ui,1,替
蝛,b,ui,1,替
妃,h,ui,1,
揮,h,ui,1,
斐,h,ui,1,
暉,h,ui,1,
菲,h,ui,1,
輝,h,ui,1,
非,h,ui,1,
飛,h,ui,1,文
窺,kh,ui,1,
虧,kh,ui,1,
開,kh,ui,1,白
䲅,k,ui,1,替
圭,k,ui,1,
機,k,ui,1,白
歸,k,ui,1,
胿,k,ui,1,
規,k,ui,1,
龜,k,ui,1,文
嗺,s,ui,1,
祟,s,ui,1,替
繐,s,ui,1,替
荽,s,ui,1,替
蓑,s,ui,1,
雖,s,ui,1,
𦉎,s,ui,1,替
推,th,ui,1,文
梯,th,ui,1,白
催,tsh,ui,1,
吹,tsh,ui,1,文
崔,tsh,ui,1,
推,tsh,ui,1,文
摧,tsh,ui,1,
脽,ts,ui,1,替
錐,ts,ui,1,
鵻,ts,ui,1,替
堆,t,ui,1,
追,t,ui,1,
威,,ui,1,
揻,,ui,1,替
萎,,ui,1,替
衣,,ui,1,白
關,k,uinn,1,白
仔,,a,2,替
啞,,a,2,文
假,k,a,2,文
絞,k,a,2,白
賈,k,a,2,
巧,kh,a,2,白
喇,l,a,2,
拉,l,a,2,替
媽,m,a,2,
瑪,m,a,2,文
碼,m,a,2,文
馬,m,a,2,文
哪,n,a,2,替
娜,n,a,2,
拿,n,a,2,
林,n,a,2,替
欖,n,a,2,白
若,n,a,2,白
那,n,a,2,替
雅,ng,a,2,文
把,p,a,2,文
飽,p,a,2,白
灑,s,a,2,
打,t,a,2,
早,ts,a,2,
吵,tsh,a,2,白
炒,tsh,a,2,
嚇,h,ann,2,替
敢,k,ann,2,白
打,t,ann,2,
膽,t,ann,2,白
坦,th,ann,2,白
挺,th,ann,2,白
斬,ts,ann,2,白
泔,,am,2,替
黯,,am,2,
撼,h,am,2,替
感,k,am,2,
敢,k,am,2,文
橄,k,am,2,文
𥴊,k,am,2,替
坎,kh,am,2,
歁,kh,am,2,替
砍,kh,am,2,
攬,l,am,2,
欖,l,am,2,文
纜,l,am,2,文
腩,l,am,2,替
荏,l,am,2,
覽,l,am,2,
糝,s,am,2,替
膽,t,am,2,文
嶄,ts,am,2,
斬,ts,am,2,文
慘,tsh,am,2,
俺,,an,2,替
按,,an,2,替
挽,b,an,2,
饅,b,an,2,俗
眼,g,an,2,文
喊,h,an,2,
罕,h,an,2,
揀,k,an,2,文
柬,k,an,2,
簡,k,an,2,
𡢃,k,an,2,替
咱,l,an,2,替
懶,l,an,2,文
板,p,an,2,
版,p,an,2,
舨,p,an,2,
闆,p,an,2,
散,s,an,2,文
產,s,an,2,
瘦,s,an,2,替
等,t,an,2,白
坦,th,an,2,文
妲,th,an,2,
毯,th,an,2,
疸,th,an,2,
盞,ts,an,2,文
讚,ts,an,2,替
蟒,b,ang,2,白
蠓,b,ang,2,
魍,b,ang,2,替
港,k,ang,2,
犅,k,ang,2,替
講,k,ang,2,文
購,k,ang,2,俗
孔,kh,ang,2,白
攏,l,ang,2,
朗,l,ang,2,白
籠,l,ang,2,白
綁,p,ang,2,
紡,ph,ang,2,白
麭,ph,ang,2,
桑,s,ang,2,替
聳,s,ang,2,替
懂,t,ang,2,白
董,t,ang,2,白
桶,th,ang,2,
摠,ts,ang,2,替
總,ts,ang,2,白
藹,,ai,2,
䆀,b,ai,2,
海,h,ai,2,
改,k,ai,2,
解,k,ai,2,文
骱,k,ai,2,替
凱,kh,ai,2,
楷,kh,ai,2,
滓,l,ai,2,替
買,m,ai,2,文
擺,p,ai,2,
跛,p,ai,2,替
使,s,ai,2,白
史,s,ai,2,白
屎,s,ai,2,白
駛,s,ai,2,白
歹,t,ai,2,
滓,t,ai,2,替
癩,th,ai,2,替
體,th,ai,2,白
早,ts,ai,2,
彩,tsh,ai,2,
採,tsh,ai,2,
綵,tsh,ai,2,
踩,tsh,ai,2,
采,tsh,ai,2,
敱,kh,ainn,2,替
歹,ph,ainn,2,替
刐,t,ainn,2,
宰,ts,ainn,2,
指,ts,ainn,2,替
滓,ts,ainn,2,
載,ts,ainn,2,
嘔,,au,2,白
拗,,au,2,
漚,,au,2,替
卯,b,au,2,替
吼,h,au,2,
九,k,au,2,白
口,k,au,2,替
垢,k,au,2,
狗,k,au,2,白
狡,k,au,2,
絞,k,au,2,文
口,kh,au,2,白
巧,kh,au,2,文
佬,l,au,2,替
扭,l,au,2,白
粩,l,au,2,替
老,l,au,2,文
荖,l,au,2,白
惱,n,au,2,白
腦,n,au,2,白
咬,ng,au,2,文
飽,p,au,2,文
跑,ph,au,2,
斗,t,au,2,白
篤,t,au,2,替
敨,th,au,2,
蚤,ts,au,2,
走,ts,au,2,白
吵,tsh,au,2,文
草,tsh,au,2,白
尾,b,e,2,
瑪,b,e,2,白
碼,b,e,2,白
買,b,e,2,白
馬,b,e,2,白
啞,,e,2,白
矮,,e,2,
伙,h,e,2,
夥,h,e,2,
火,h,e,2,白
假,k,e,2,白
果,k,e,2,白
粿,k,e,2,
解,k,e,2,白
跂,k,e,2,替
啟,kh,e,2,
儡,l,e,2,
嬭,l,e,2,替
禮,l,e,2,
詈,l,e,2,
醴,l,e,2,
猛,m,e,2,白
雅,ng,e,2,白
把,p,e,2,白
靶,p,e,2,
襞,ph,e,2,替
洗,s,e,2,
黍,s,e,2,
底,t,e,2,
抵,t,e,2,白
短,t,e,2,替
貯,t,e,2,白
體,th,e,2,文
姊,ts,e,2,
扯,tsh,e,2,
髓,tsh,e,2,白
哽,k,enn,2,
梗,k,enn,2,白
耞,k,enn,2,
井,ts,enn,2,白
醒,tsh,enn,2,白
米,b,i,2,
美,b,i,2,
擬,g,i,2,
蟻,g,i,2,文
語,g,i,2,白
喜,h,i,2,
許,h,i,2,文
以,,i,2,
倚,,i,2,文
已,,i,2,
椅,,i,2,
與,,i,2,白
子,j,i,2,替
綺,kh,i,2,
豈,kh,i,2,
起,kh,i,2,
齒,kh,i,2,
己,k,i,2,文
幾,k,i,2,文
指,k,i,2,白
杞,k,i,2,
矩,k,i,2,
紀,k,i,2,
舉,k,i,2,
你,l,i,2,替
俚,l,i,2,
力,l,i,2,替
哩,l,i,2,替
女,l,i,2,白
子,l,i,2,替
屢,l,i,2,
履,l,i,2,
旅,l,i,2,白
李,l,i,2,
理,l,i,2,
裏,l,i,2,
裡,l,i,2,
里,l,i,2,
鯉,l,i,2,替
乜,m,i,2,替
彌,m,i,2,俗
染,n,i,2,白
耳,n,i,2,文
否,ph,i,2,
疕,ph,i,2,替
痞,ph,i,2,
鄙,ph,i,2,
妣,p,i,2,
彼,p,i,2,
比,p,i,2,
始,s,i,2,白
死,s,i,2,白
矢,s,i,2,
恥,th,i,2,
褫,th,i,2,
抵,t,i,2,文
邸,t,i,2,
鼠,tsh,i,2,白
只,ts,i,2,
咫,ts,i,2,
址,ts,i,2,
姊,ts,i,2,
子,ts,i,2,白
指,ts,i,2,文
旨,ts,i,2,
止,ts,i,2,
祉,ts,i,2,
紫,ts,i,2,
芷,ts,i,2,
趾,ts,i,2,
黹,ts,i,2,
穎,,inn,2,替
耞,k,inn,2,
扁,p,inn,2,白
醒,tsh,inn,2,白
井,ts,inn,2,白
茈,ts,inn,2,替
笒,g,im,2,替
錦,g,im,2,俗
飲,,im,2,
忍,j,im,2,文
寢,kh,im,2,俗
錦,k,im,2,
忍,l,im,2,文
臨,l,im,2,替
嬸,s,im,2,文
審,s,im,2,
沈,s,im,2,
寢,tsh,im,2,替
嬸,ts,im,2,白
枕,ts,im,2,
憫,b,in,2,
抿,b,in,2,
敏,b,in,2,
閔,b,in,2,
囡,g,in,2,替
允,,in,2,
引,,in,2,
癮,,in,2,
淺,kh,in,2,白
緊,k,in,2,
謹,k,in,2,
恁,l,in,2,替
品,ph,in,2,
𥰔,ph,in,2,
稟,p,in,2,
箅,p,in,2,替
鉼,p,in,2,替
振,t,in,2,白
儘,ts,in,2,
拯,ts,in,2,
振,ts,in,2,文
疹,ts,in,2,
診,ts,in,2,
賑,ts,in,2,
猛,b,ing,2,文
眼,g,ing,2,白
研,g,ing,2,白
影,,ing,2,文
往,,ing,2,白
永,,ing,2,
泳,,ing,2,
湧,,ing,2,白
肯,kh,ing,2,
頃,kh,ing,2,
境,k,ing,2,
揀,k,ing,2,白
景,k,ing,2,
梗,k,ing,2,文
筧,k,ing,2,白
繭,k,ing,2,白
耿,k,ing,2,
襇,k,ing,2,替
警,k,ing,2,
頸,k,ing,2,
龔,k,ing,2,
伶,l,ing,2,
冷,l,ing,2,
嶺,l,ing,2,文
領,l,ing,2,文
丙,p,ing,2,文
反,p,ing,2,白
炳,p,ing,2,
秉,p,ing,2,
省,s,ing,2,
醒,s,ing,2,文
寵,th,ing,2,白
挺,th,ing,2,文
艇,th,ing,2,
逞,th,ing,2,
戥,t,ing,2,
等,t,ing,2,文
頂,t,ing,2,
鼎,t,ing,2,文
惝,tsh,ing,2,替
筅,tsh,ing,2,替
請,tsh,ing,2,文
井,ts,ing,2,文
指,ts,ing,2,替
整,ts,ing,2,
種,ts,ing,2,白
腫,ts,ing,2,
冶,,ia,2,
野,,ia,2,
惹,j,ia,2,
惹,l,ia,2,
嶺,n,ia,2,白
領,n,ia,2,白
寫,s,ia,2,
捨,s,ia,2,
姐,ts,ia,2,
者,ts,ia,2,
顯,h,iann,2,白
影,,iann,2,白
囝,k,iann,2,
鉼,ph,iann,2,替
丙,p,iann,2,白
餅,p,iann,2,
啥,s,iann,2,替
鼎,t,iann,2,白
且,tsh,iann,2,
請,tsh,iann,2,白
汫,ts,iann,2,替
笒,g,iam,2,替
險,h,iam,2,
掩,,iam,2,
染,j,iam,2,文
檢,k,iam,2,
減,k,iam,2,
鹼,k,iam,2,文
斂,l,iam,2,
染,l,iam,2,文
膁,l,iam,2,
臉,l,iam,2,
閃,s,iam,2,
陝,s,iam,2,
忝,th,iam,2,替
點,t,iam,2,
攕,tsh,iam,2,替
免,b,ian,2,
勉,b,ian,2,
娩,b,ian,2,
愍,b,ian,2,
鮸,b,ian,2,
妍,g,ian,2,
研,g,ian,2,文
搟,h,ian,2,替
顯,h,ian,2,文
偃,,ian,2,替
演,,ian,2,
衍,,ian,2,
犬,kh,ian,2,
譴,kh,ian,2,
遣,kh,ian,2,
筧,k,ian,2,文
繭,k,ian,2,文
撚,l,ian,2,
碾,l,ian,2,替
臉,l,ian,2,
蓮,l,ian,2,替
輦,l,ian,2,
輪,l,ian,2,替
匾,p,ian,2,
扁,p,ian,2,文
諞,p,ian,2,替
貶,p,ian,2,
仙,s,ian,2,替
癬,s,ian,2,
鮮,s,ian,2,俗
展,th,ian,2,替
典,t,ian,2,
展,t,ian,2,
輾,t,ian,2,
淺,tsh,ian,2,文
闡,tsh,ian,2,
剪,ts,ian,2,
享,h,iang,2,
響,h,iang,2,
饗,h,iang,2,
嚷,j,iang,2,
蹌,tsh,iang,2,替
掌,ts,iang,2,文
渺,b,iau,2,
秒,b,iau,2,文
藐,b,iau,2,
曉,h,iau,2,
夭,,iau,2,
猶,,iau,2,替
窈,,iau,2,
擾,j,iau,2,
爪,j,iau,2,
巧,kh,iau,2,白
攪,k,iau,2,
矯,k,iau,2,
筊,k,iau,2,
繳,k,iau,2,
餃,k,iau,2,
了,l,iau,2,
擾,l,iau,2,
瞭,l,iau,2,
撓,ng,iau,2,替
爪,n,iau,2,
鳥,n,iau,2,文
婊,p,iau,2,
表,p,iau,2,文
裱,p,iau,2,
小,s,iau,2,文
少,s,iau,2,文
痟,s,iau,2,
篠,s,iau,2,
挑,th,iau,2,
窕,th,iau,2,
鳥,ts,iau,2,白
母,b,io,2,文
秒,b,io,2,白
扷,,io,2,替
口,kh,io,2,文
瞭,l,io,2,替
表,p,io,2,白
錶,p,io,2,
小,s,io,2,白
少,ts,io,2,白
仰,g,iong,2,
享,h,iong,2,
響,h,iong,2,
仰,,iong,2,俗
勇,,iong,2,
擁,,iong,2,
氧,,iong,2,
湧,,iong,2,文
癢,,iong,2,文
踴,,iong,2,
鞅,,iong,2,
養,,iong,2,文
恐,kh,iong,2,
強,k,iong,2,俗
拱,k,iong,2,
鞏,k,iong,2,
倆,l,iong,2,
兩,l,iong,2,文
嚷,l,iong,2,
輛,l,iong,2,文
上,s,iong,2,文
償,s,iong,2,俗
尚,s,iong,2,俗
想,s,iong,2,文
象,s,iong,2,俗
賞,s,iong,2,文
塚,th,iong,2,
寵,th,iong,2,文
長,t,iong,2,文
搶,tsh,iong,2,文
縱,tsh,iong,2,
掌,ts,iong,2,文
獎,ts,iong,2,
種,ts,iong,2,文
長,ts,iong,2,文
朽,h,iu,2,
友,,iu,2,
有,,iu,2,文
誘,,iu,2,
酉,,iu,2,
搝,kh,iu,2,替
久,k,iu,2,文
九,k,iu,2,文
扭,l,iu,2,文
柳,l,iu,2,
紐,l,iu,2,
綹,l,iu,2,
鈕,l,iu,2,
扭,ng,iu,2,文
兩,n,iu,2,白
扭,n,iu,2,文
守,s,iu,2,文
手,s,iu,2,文
首,s,iu,2,
丑,th,iu,2,
肘,t,iu,2,
帚,tsh,iu,2,
手,tsh,iu,2,白
醜,tsh,iu,2,
守,ts,iu,2,白
酒,ts,iu,2,
舀,,iunn,2,替
養,,iunn,2,白
賞,s,iunn,2,白
鯗,s,iunn,2,
長,t,iunn,2,白
廠,tsh,iunn,2,
搶,tsh,iunn,2,白
掌,ts,iunn,2,白
槳,ts,iunn,2,
蔣,ts,iunn,2,
姆,,m,2,
卷,k,ng,2,
廣,k,ng,2,白
捲,k,ng,2,
管,k,ng,2,白
晚,m,ng,2,白
䘼,,ng,2,
捥,,ng,2,替
蔭,,ng,2,替
鈗,,ng,2,替
阮,,ng,2,
軟,n,ng,2,白
本,p,ng,2,白
榜,p,ng,2,白
損,s,ng,2,白
爽,s,ng,2,白
耍,s,ng,2,替
轉,t,ng,2,白
吮,tsh,ng,2,
母,b,o,2,白
好,h,o,2,白
可,kh,o,2,文
洘,kh,o,2,
考,kh,o,2,
果,k,o,2,文
稿,k,o,2,
裹,k,o,2,
佬,l,o,2,
咾,l,o,2,替
惱,l,o,2,文
潦,l,o,2,
瑙,l,o,2,
老,l,o,2,文
腦,l,o,2,文
荖,l,o,2,文
頗,ph,o,2,
保,p,o,2,
堡,p,o,2,
寶,p,o,2,
嫂,s,o,2,
瑣,s,o,2,
鎖,s,o,2,
討,th,o,2,
佗,t,o,2,替
倒,t,o,2,
島,t,o,2,
禱,t,o,2,
楚,tsh,o,2,
草,tsh,o,2,文
左,ts,o,2,
棗,ts,o,2,
澡,ts,o,2,
否,h,onn,2,
火,h,onn,2,文
惘,b,ong,2,
懵,b,ong,2,替
檬,b,ong,2,替
網,b,ong,2,文
罔,b,ong,2,替
莽,b,ong,2,
蟒,b,ong,2,文
仿,h,ong,2,
彷,h,ong,2,
恍,h,ong,2,文
況,h,ong,2,
紡,h,ong,2,文
訪,h,ong,2,
謊,h,ong,2,
孔,kh,ong,2,文
慷,kh,ong,2,
紺,kh,ong,2,
廣,k,ong,2,文
栱,k,ong,2,
管,k,ong,2,替
講,k,ong,2,白
壟,l,ong,2,
攏,l,ong,2,
朗,l,ong,2,文
籠,l,ong,2,文
往,,ong,2,文
枉,,ong,2,
捧,ph,ong,2,
榜,p,ong,2,文
松,s,ong,2,替
爽,s,ong,2,文
捅,th,ong,2,
統,th,ong,2,
懂,t,ong,2,文
檔,t,ong,2,
董,t,ong,2,文
黨,t,ong,2,
衝,tsh,ong,2,替
總,ts,ong,2,文
某,b,oo,2,替
牡,b,oo,2,
畝,b,oo,2,
唬,h,oo,2,替
滸,h,oo,2,
虎,h,oo,2,
可,kh,oo,2,替
苦,kh,oo,2,
許,kh,oo,2,白
估,k,oo,2,
古,k,oo,2,
枸,k,oo,2,
狗,k,oo,2,文
股,k,oo,2,
苟,k,oo,2,
賈,k,oo,2,
鈷,k,oo,2,替
鼓,k,oo,2,
𥑮,k,oo,2,替
努,l,oo,2,
勞,l,oo,2,替
惱,l,oo,2,文
櫓,l,oo,2,
滷,l,oo,2,
硓,l,oo,2,
魯,l,oo,2,
五,ng,oo,2,文
仵,ng,oo,2,
伍,ng,oo,2,
偶,ng,oo,2,
午,ng,oo,2,文
忤,ng,oo,2,
我,ng,oo,2,文
𩵱,ng,oo,2,替
老,n,oo,2,文
嘔,,oo,2,文
挖,,oo,2,替
剖,ph,oo,2,
普,ph,oo,2,
浦,ph,oo,2,
譜,ph,oo,2,
輔,ph,oo,2,俗
捕,p,oo,2,
斧,p,oo,2,白
脯,p,oo,2,
補,p,oo,2,
所,s,oo,2,
瘦,s,oo,2,
吐,th,oo,2,
土,th,oo,2,
堵,t,oo,2,
島,t,oo,2,
斗,t,oo,2,文
睹,t,oo,2,
肚,t,oo,2,
賭,t,oo,2,
楚,tsh,oo,2,
礎,tsh,oo,2,
祖,ts,oo,2,
走,ts,oo,2,文
阻,ts,oo,2,
侮,b,u,2,
拇,b,u,2,
撫,b,u,2,俗
武,b,u,2,
母,b,u,2,文
舞,b,u,2,
語,g,u,2,白
俯,h,u,2,
府,h,u,2,
拊,h,u,2,替
撫,h,u,2,
斧,h,u,2,文
甫,h,u,2,
腐,h,u,2,文
腑,h,u,2,
許,h,u,2,文
輔,h,u,2,
乳,j,u,2,
庾,j,u,2,
愈,j,u,2,
久,k,u,2,白
矩,k,u,2,
舉,k,u,2,
韭,k,u,2,
乳,l,u,2,
女,l,u,2,白
庾,l,u,2,
愈,l,u,2,
旅,l,u,2,白
鋁,l,u,2,
殕,ph,u,2,
使,s,u,2,文
史,s,u,2,文
始,s,u,2,文
屎,s,u,2,文
暑,s,u,2,
死,s,u,2,文
署,s,u,2,文
駛,s,u,2,文
杵,th,u,2,
苧,th,u,2,文
褚,th,u,2,
貯,th,u,2,文
取,tsh,u,2,
此,tsh,u,2,
處,tsh,u,2,
鼠,tsh,u,2,白
主,ts,u,2,
仔,ts,u,2,
子,ts,u,2,文
煮,ts,u,2,
拄,t,u,2,
宇,,u,2,
寓,,u,2,俗
禹,,u,2,
羽,,u,2,
與,,u,2,文
雨,,u,2,文
吻,b,un,2,
忿,h,un,2,
粉,h,un,2,
墾,kh,un,2,
懇,kh,un,2,
捆,kh,un,2,
窘,kh,un,2,
滾,k,un,2,
蚓,k,un,2,
頸,k,un,2,替
忍,l,un,2,白
懍,l,un,2,
碖,l,un,2,替
翸,ph,un,2,替
扁,p,un,2,替
本,p,un,2,文
恂,s,un,2,
損,s,un,2,文
榫,s,un,2,
筍,s,un,2,
𧿬,th,un,2,替
忖,tsh,un,2,
准,ts,un,2,
撙,ts,un,2,
準,ts,un,2,
囤,t,un,2,
盾,t,un,2,
允,,un,2,
尹,,un,2,
穩,,un,2,
隱,,un,2,
我,g,ua,2,白
可,kh,ua,2,白
寡,k,ua,2,
滿,m,ua,2,白
撋,n,ua,2,替
徙,s,ua,2,
紙,ts,ua,2,
倚,,ua,2,白
瓦,,ua,2,文
恍,h,uann,2,白
晃,h,uann,2,替
款,kh,uann,2,白
趕,k,uann,2,
魬,p,uann,2,替
散,s,uann,2,白
剷,th,uann,2,
怎,ts,uann,2,
盞,ts,uann,2,白
碗,,uann,2,
腕,,uann,2,白
晚,b,uan,2,文
滿,b,uan,2,文
輓,b,uan,2,
玩,g,uan,2,文
阮,g,uan,2,替
反,h,uan,2,文
返,h,uan,2,
款,kh,uan,2,文
管,k,uan,2,文
館,k,uan,2,
卵,l,uan,2,文
暖,l,uan,2,
耎,l,uan,2,替
軟,l,uan,2,文
選,s,uan,2,
喘,tsh,uan,2,
賺,ts,uan,2,
轉,ts,uan,2,文
短,t,uan,2,
婉,,uan,2,
宛,,uan,2,
玩,,uan,2,白
腕,,uan,2,文
苑,,uan,2,
遠,,uan,2,文
拐,k,uai,2,
枴,k,uai,2,文
枴,k,uainn,2,白
桿,k,uainn,2,
稈,k,uainn,2,
𨂿,,uainn,2,
尾,b,ue,2,
買,b,ue,2,白
伙,h,ue,2,
夥,h,ue,2,
悔,h,ue,2,文
火,h,ue,2,白
賄,h,ue,2,
果,k,ue,2,白
粿,k,ue,2,
跂,k,ue,2,替
詈,l,ue,2,
餒,l,ue,2,
䫌,ph,ue,2,替
掰,p,ue,2,替
洗,s,ue,2,
黍,s,ue,2,
髓,tsh,ue,2,白
底,t,ue,2,
貯,t,ue,2,白
挖,,ue,2,替
矮,,ue,2,
匪,h,ui,2,
悔,h,ui,2,白
斐,h,ui,2,
毀,h,ui,2,
翡,h,ui,2,
菲,h,ui,2,
誹,h,ui,2,
傀,kh,ui,2,
詭,kh,ui,2,文
幾,k,ui,2,白
癸,k,ui,2,
詭,k,ui,2,白
軌,k,ui,2,
鬼,k,ui,2,
壘,l,ui,2,替
磊,l,ui,2,
累,l,ui,2,
蕊,l,ui,2,
蕾,l,ui,2,
每,m,ui,2,
媠,s,ui,2,替
水,s,ui,2,文
腿,th,ui,2,
髓,tsh,ui,2,文
水,ts,ui,2,白
偉,,ui,2,
委,,ui,2,
瑋,,ui,2,
萎,,ui,2,
孝,h,a,3,白
假,k,a,3,文
價,k,a,3,文
嫁,k,a,3,文
教,k,a,3,白
架,k,a,3,文
漖,k,a,3,替
較,k,a,3,白
駕,k,a,3,
敲,kh,a,3,替
嘛,m,a,3,替
壩,p,a,3,
把,p,a,3,替
豹,p,a,3,
霸,p,a,3,
怕,ph,a,3,
嗄,s,a,3,
罩,t,a,3,白
挓,th,a,3,替
榨,ts,a,3,
炸,ts,a,3,
祚,ts,a,3,
詐,ts,a,3,
向,,ann,3,替
酵,k,ann,3,
冇,ph,ann,3,替
呾,t,ann,3,替
擔,t,ann,3,白
乍,ts,ann,3,替
暗,,am,3,
譀,h,am,3,替
監,k,am,3,文
艦,k,am,3,俗
鑑,k,am,3,
勘,kh,am,3,
崁,kh,am,3,替
湳,l,am,3,
𨂾,l,am,3,替
三,s,am,3,文
搧,s,am,3,替
毿,s,am,3,替
鬖,s,am,3,替
頕,t,am,3,替
探,th,am,3,
蹔,ts,am,3,替
懺,tsh,am,3,
摻,tsh,am,3,替
讖,tsh,am,3,
按,,an,3,
晏,,an,3,文
案,,an,3,文
𫝏,g,an,3,
漢,h,an,3,
姦,k,an,3,替
幹,k,an,3,
間,k,an,3,文
看,kh,an,3,文
盼,ph,an,3,
襻,ph,an,3,
傘,s,an,3,文
散,s,an,3,文
擲,t,an,3,替
旦,t,an,3,文
蛋,t,an,3,
誕,t,an,3,
嘆,th,an,3,
探,th,an,3,
歎,th,an,3,
趁,th,an,3,替
層,ts,an,3,替
棧,ts,an,3,
讚,ts,an,3,
贊,ts,an,3,
燦,tsh,an,3,
甕,,ang,3,
齆,,ang,3,替
甭,b,ang,3,
肨,h,ang,3,替
胮,h,ang,3,替
降,k,ang,3,
控,kh,ang,3,替
空,kh,ang,3,白
閬,l,ang,3,替
放,p,ang,3,白
胖,ph,ang,3,
送,s,ang,3,白
㨂,t,ang,3,
凍,t,ang,3,白
棟,t,ang,3,白
當,t,ang,3,白
痛,th,ang,3,白
迵,th,ang,3,替
粽,ts,ang,3,
聳,tsh,ang,3,替
藏,tsh,ang,3,替
噯,,ai,3,
愛,,ai,3,
曖,,ai,3,
隘,,ai,3,
介,k,ai,3,
屆,k,ai,3,
戒,k,ai,3,
概,k,ai,3,
溉,k,ai,3,
界,k,ai,3,文
芥,k,ai,3,文
蓋,k,ai,3,文
誡,k,ai,3,
慨,kh,ai,3,
概,kh,ai,3,
莫,m,ai,3,替
拜,p,ai,3,
沛,ph,ai,3,
派,ph,ai,3,
使,s,ai,3,白
塞,s,ai,3,
婿,s,ai,3,白
賽,s,ai,3,文
代,t,ai,3,文
帶,t,ai,3,文
戴,t,ai,3,文
太,th,ai,3,
態,th,ai,3,
汰,th,ai,3,
泰,th,ai,3,
再,ts,ai,3,
哉,ts,ai,3,替
載,ts,ai,3,
菜,tsh,ai,3,
幌,h,ainn,3,替
懊,,au,3,
漚,,au,3,
孝,h,au,3,文
到,k,au,3,替
夠,k,au,3,
教,k,au,3,文
校,k,au,3,
較,k,au,3,文
叩,kh,au,3,白
哭,kh,au,3,替
扣,kh,au,3,
銬,kh,au,3,
落,l,au,3,
泡,ph,au,3,文
炮,ph,au,3,
砲,ph,au,3,
哨,s,au,3,白
嗽,s,au,3,
掃,s,au,3,白
到,t,au,3,白
晝,t,au,3,白
罩,t,au,3,文
鬥,t,au,3,白
透,th,au,3,白
奏,ts,au,3,
灶,ts,au,3,白
臭,tsh,au,3,
穢,,e,3,
翳,,e,3,文
裔,,e,3,
嚙,g,e,3,替
歲,h,e,3,白
貨,h,e,3,白
假,k,e,3,白
價,k,e,3,白
嫁,k,e,3,白
架,k,e,3,白
界,k,e,3,白
疥,k,e,3,
繼,k,e,3,
芥,k,e,3,白
計,k,e,3,文
過,k,e,3,白
髻,k,e,3,
鱖,k,e,3,
契,kh,e,3,
架,kh,e,3,替
齧,kh,e,3,替
礪,l,e,3,替
壩,p,e,3,
幣,p,e,3,
弊,p,e,3,
敝,p,e,3,
蔽,p,e,3,
褙,p,e,3,
陛,p,e,3,
帕,ph,e,3,
杮,ph,e,3,
配,ph,e,3,
世,s,e,3,文
勢,s,e,3,文
婿,s,e,3,文
洒,s,e,3,
涗,s,e,3,替
稅,s,e,3,
細,s,e,3,
誓,s,e,3,俗
賽,s,e,3,白
地,t,e,3,白
塊,t,e,3,替
帝,t,e,3,
戴,t,e,3,白
渧,t,e,3,替
綴,t,e,3,
締,t,e,3,
諦,t,e,3,
替,th,e,3,
退,th,e,3,
債,ts,e,3,
制,ts,e,3,
劑,ts,e,3,
晬,ts,e,3,替
濟,ts,e,3,
祭,ts,e,3,
製,ts,e,3,
際,ts,e,3,
切,tsh,e,3,
廁,tsh,e,3,
摖,tsh,e,3,替
粞,tsh,e,3,
脆,tsh,e,3,白
𤺅,tsh,e,3,替
桱,k,enn,3,
柄,p,enn,3,白
姓,s,enn,3,白
性,s,enn,3,白
佯,t,enn,3,替
瞪,t,enn,3,
牚,th,enn,3,替
諍,ts,enn,3,白
腥,tsh,enn,3,
唏,h,i,3,替
戲,h,i,3,
肺,h,i,3,
意,,i,3,
懿,,i,3,
翳,,i,3,白
薏,,i,3,
裔,,i,3,
吉,j,i,3,替
企,kh,i,3,
去,kh,i,3,
器,kh,i,3,
棄,kh,i,3,
氣,kh,i,3,文
汽,kh,i,3,
寄,k,i,3,文
據,k,i,3,
既,k,i,3,
暨,k,i,3,
痣,k,i,3,
紀,k,i,3,俗
計,k,i,3,白
記,k,i,3,
鋸,k,i,3,
剺,l,i,3,替
譬,ph,i,3,
庇,p,i,3,
泌,p,i,3,
痹,p,i,3,
痺,p,i,3,
祕,p,i,3,
秘,p,i,3,
閉,p,i,3,
世,s,i,3,白
勢,s,i,3,白
四,s,i,3,白
施,s,i,3,
剃,th,i,3,
戴,t,i,3,白
智,t,i,3,
緻,t,i,3,
置,t,i,3,
致,t,i,3,
蒂,t,i,3,
刺,tsh,i,3,
翅,tsh,i,3,
莿,tsh,i,3,
試,tsh,i,3,
志,ts,i,3,
摯,ts,i,3,
至,ts,i,3,
薦,ts,i,3,替
誌,ts,i,3,
挕,h,inn,3,替
喑,,inn,3,替
嬰,,inn,3,替
燕,,inn,3,白
桱,k,inn,3,
見,k,inn,3,白
片,ph,inn,3,白
柄,p,inn,3,白
變,p,inn,3,白
姓,s,inn,3,白
性,s,inn,3,白
扇,s,inn,3,白
佯,t,inn,3,替
瞪,t,inn,3,
腥,tsh,inn,3,
搢,ts,inn,3,
箭,ts,inn,3,白
糋,ts,inn,3,
諍,ts,inn,3,白
錦,g,im,3,替
廕,,im,3,
蔭,,im,3,
禁,k,im,3,
㽎,s,im,3,替
抌,t,im,3,替
掂,t,im,3,替
浸,ts,im,3,
印,,in,3,
應,,in,3,白
絹,k,in,3,
靳,k,in,3,
篦,p,in,3,替
鬢,p,in,3,
信,s,in,3,
囟,s,in,3,
訊,s,in,3,
迅,s,in,3,
鎮,t,in,3,
凊,tsh,in,3,白
秤,tsh,in,3,
晉,ts,in,3,
進,ts,in,3,
震,ts,in,3,
興,h,ing,3,
壅,,ing,3,
應,,ing,3,文
映,,ing,3,白
蕹,,ing,3,替
慶,kh,ing,3,
供,k,ing,3,替
勁,k,ing,3,
徑,k,ing,3,
敬,k,ing,3,
更,k,ing,3,
竟,k,ing,3,
聘,ph,ing,3,
併,p,ing,3,
柄,p,ing,3,文
勝,s,ing,3,
姓,s,ing,3,文
性,s,ing,3,文
聖,s,ing,3,文
聽,th,ing,3,文
中,t,ing,3,白
叮,t,ing,3,替
釘,t,ing,3,
凊,tsh,ing,3,文
擤,tsh,ing,3,替
熗,tsh,ing,3,替
衝,tsh,ing,3,替
銃,tsh,ing,3,
政,ts,ing,3,
正,ts,ing,3,文
症,ts,ing,3,
眾,ts,ing,3,白
種,ts,ing,3,白
諍,ts,ing,3,文
證,ts,ing,3,
厭,,ia,3,替
寄,k,ia,3,白
卸,s,ia,3,替
瀉,s,ia,3,
舍,s,ia,3,
赦,s,ia,3,
借,ts,ia,3,文
炙,ts,ia,3,替
蔗,ts,ia,3,
鷓,ts,ia,3,
向,h,iann,3,替
鏡,k,iann,3,
拚,p,iann,3,
摒,p,iann,3,替
聖,s,iann,3,白
疼,th,iann,3,替
倩,tsh,iann,3,
正,ts,iann,3,白
喊,h,iam,3,替
欠,kh,iam,3,
歉,kh,iam,3,
芡,kh,iam,3,
劍,k,iam,3,
捻,l,iam,3,替
滲,s,iam,3,
店,t,iam,3,
踮,t,iam,3,替
佔,ts,iam,3,
僭,ts,iam,3,
占,ts,iam,3,
癮,g,ian,3,替
憲,h,ian,3,
獻,h,ian,3,
現,h,ian,3,
絢,h,ian,3,
羶,h,ian,3,替
厭,,ian,3,替
宴,,ian,3,
燕,,ian,3,文
芡,kh,ian,3,替
譴,kh,ian,3,替
建,k,ian,3,
毽,k,ian,3,
腱,k,ian,3,白
見,k,ian,3,文
輾,l,ian,3,
片,ph,ian,3,文
遍,ph,ian,3,白
騙,ph,ian,3,
變,p,ian,3,文
遍,p,ian,3,文
扇,s,ian,3,文
搧,s,ian,3,
煽,s,ian,3,
戰,ts,ian,3,
箭,ts,ian,3,文
荐,ts,ian,3,
薦,ts,ian,3,
餞,ts,ian,3,
齴,g,iang,3,替
向,h,iang,3,替
勥,kh,iang,3,替
迸,p,iang,3,
摔,s,iang,3,替
唱,tsh,iang,3,文
障,ts,iang,3,
要,,iau,3,
抓,j,iau,3,
竅,kh,iau,3,文
翹,kh,iau,3,
噭,k,iau,3,替
抓,l,iau,3,
漂,ph,iau,3,文
票,ph,iau,3,文
哨,s,iau,3,文
嘯,s,iau,3,
少,s,iau,3,
數,s,iau,3,白
笑,s,iau,3,文
肖,s,iau,3,
糶,th,iau,3,文
跳,th,iau,3,
召,t,iau,3,
吊,t,iau,3,
弔,t,iau,3,
窵,t,iau,3,
調,t,iau,3,
釣,t,iau,3,文
俏,tsh,iau,3,
笑,tsh,iau,3,文
照,ts,iau,3,文
詔,ts,iau,3,
醮,ts,iau,3,文
叩,kh,io,3,文
徼,kh,io,3,替
竅,kh,io,3,白
筧,kh,io,3,替
叫,k,io,3,
漂,ph,io,3,白
票,ph,io,3,白
糶,th,io,3,白
釣,t,io,3,白
笑,tsh,io,3,白
照,ts,io,3,白
醮,ts,io,3,白
向,h,iong,3,文
嚮,h,iong,3,
餉,h,iong,3,
映,,iong,3,文
躘,l,iong,3,替
相,s,iong,3,文
象,s,iong,3,俗
暢,th,iong,3,
中,t,iong,3,文
帳,t,iong,3,文
漲,t,iong,3,文
脹,t,iong,3,文
倡,tsh,iong,3,
唱,tsh,iong,3,文
縱,tsh,iong,3,
將,ts,iong,3,
眾,ts,iong,3,文
種,ts,iong,3,文
障,ts,iong,3,
𫝺,h,iu,3,替
幼,,iu,3,
救,k,iu,3,
究,k,iu,3,
糾,k,iu,3,
遛,l,iu,3,替
宿,s,iu,3,
獸,s,iu,3,
秀,s,iu,3,
繡,s,iu,3,
袖,s,iu,3,
鏽,s,iu,3,
鞘,s,iu,3,
晝,t,iu,3,文
咒,ts,iu,3,
蛀,ts,iu,3,白
相,s,iunn,3,白
帳,t,iunn,3,白
漲,t,iunn,3,白
脹,t,iunn,3,白
唱,tsh,iunn,3,白
啾,tsh,iunn,3,替
醬,ts,iunn,3,
勸,kh,ng,3,白
囥,kh,ng,3,
券,k,ng,3,白
卷,k,ng,3,白
槓,k,ng,3,
貫,k,ng,3,白
鋼,k,ng,3,白
向,,ng,3,白
怏,,ng,3,替
軁,n,ng,3,替
算,s,ng,3,白
繏,s,ng,3,替
燙,th,ng,3,
褪,th,ng,3,
當,t,ng,3,白
頓,t,ng,3,白
串,tsh,ng,3,白
鑽,ts,ng,3,白
貨,h,o,3,文
犒,kh,o,3,
課,kh,o,3,文
靠,kh,o,3,
個,k,o,3,
划,k,o,3,替
告,k,o,3,
過,k,o,3,文
躼,l,o,3,替
奧,,o,3,
澳,,o,3,
薁,,o,3,替
泡,ph,o,3,白
破,ph,o,3,文
報,p,o,3,
埽,s,o,3,替
掃,s,o,3,文
燥,s,o,3,
唾,th,o,3,
套,th,o,3,
妥,th,o,3,
透,th,o,3,文
倒,t,o,3,
到,t,o,3,文
剉,tsh,o,3,替
噪,tsh,o,3,替
挫,tsh,o,3,
操,tsh,o,3,
糙,tsh,o,3,
錯,tsh,o,3,白
佐,ts,o,3,
做,ts,o,3,
灶,ts,o,3,文
縐,ts,o,3,
好,h,onn,3,文
貨,h,onn,3,文
噁,,onn,3,替
惡,,onn,3,
懵,b,ong,3,替
甍,b,ong,3,替
放,h,ong,3,文
壙,kh,ong,3,
抗,kh,ong,3,
控,kh,ong,3,
曠,kh,ong,3,
炕,kh,ong,3,替
礦,kh,ong,3,
空,kh,ong,3,替
摃,k,ong,3,替
絳,k,ong,3,
貢,k,ong,3,
挵,l,ong,3,替
閬,l,ong,3,
椪,ph,ong,3,
碰,ph,ong,3,
膨,ph,ong,3,替
嗙,p,ong,3,替
謗,p,ong,3,
喪,s,ong,3,
宋,s,ong,3,
送,s,ong,3,文
痛,th,ong,3,文
侗,t,ong,3,替
凍,t,ong,3,文
噸,t,ong,3,
擋,t,ong,3,替
棟,t,ong,3,文
當,t,ong,3,文
創,tsh,ong,3,
壯,ts,ong,3,
綜,ts,ong,3,
葬,ts,ong,3,
戽,h,oo,3,
寇,kh,oo,3,
庫,kh,oo,3,
怐,kh,oo,3,替
褲,kh,oo,3,
固,k,oo,3,
故,k,oo,3,
構,k,oo,3,
購,k,oo,3,
過,k,oo,3,文
雇,k,oo,3,
顧,k,oo,3,
舖,ph,oo,3,
佈,p,oo,3,
傅,p,oo,3,白
布,p,oo,3,
怖,p,oo,3,
播,p,oo,3,
數,s,oo,3,文
溯,s,oo,3,
疏,s,oo,3,文
素,s,oo,3,
訴,s,oo,3,
兔,th,oo,3,
吐,th,oo,3,
妒,t,oo,3,
鬥,t,oo,3,文
𪐞,t,oo,3,
措,tsh,oo,3,
醋,tsh,oo,3,
付,h,u,3,
副,h,u,3,
咐,h,u,3,
富,h,u,3,文
訃,h,u,3,
賦,h,u,3,
赴,h,u,3,
附,h,u,3,
句,k,u,3,
據,k,u,3,
灸,k,u,3,
鋸,k,u,3,
鑢,l,u,3,替
富,p,u,3,白
使,s,u,3,文
四,s,u,3,文
思,s,u,3,
恕,s,u,3,
絮,s,u,3,
肆,s,u,3,
賜,s,u,3,
厝,tsh,u,3,
次,tsh,u,3,
處,tsh,u,3,
趣,tsh,u,3,
注,ts,u,3,文
蛀,ts,u,3,文
註,ts,u,3,
鑄,ts,u,3,
駐,ts,u,3,
注,t,u,3,白
滯,t,u,3,替
著,t,u,3,
汙,,u,3,俗
澳,,u,3,
焐,,u,3,替
濆,b,un,3,替
鼢,b,un,3,替
奮,h,un,3,
憤,h,un,3,
楦,h,un,3,
糞,h,un,3,文
訓,h,un,3,
困,kh,un,3,
睏,kh,un,3,替
棍,k,un,3,
蠕,l,un,3,白
噴,ph,un,3,替
畚,p,un,3,
糞,p,un,3,白
瞬,s,un,3,
舜,s,un,3,
遜,s,un,3,
吋,tsh,un,3,
寸,tsh,un,3,
俊,ts,un,3,
圳,ts,un,3,
峻,ts,un,3,
顫,ts,un,3,替
駿,ts,un,3,
鈍,t,un,3,俗
頓,t,un,3,文
塭,,un,3,
慍,,un,3,
搵,,un,3,
蘊,,un,3,
化,h,ua,3,
華,h,ua,3,
掛,kh,ua,3,白
靠,kh,ua,3,替
卦,k,ua,3,
掛,k,ua,3,文
芥,k,ua,3,白
蓋,k,ua,3,白
褂,k,ua,3,
過,k,ua,3,白
躽,n,ua,3,替
破,ph,ua,3,白
簸,p,ua,3,
紲,s,ua,3,替
蔡,tsh,ua,3,
帶,t,ua,3,白
蹛,t,ua,3,替
看,kh,uann,3,白
判,ph,uann,3,
販,ph,uann,3,白
半,p,uann,3,白
絆,p,uann,3,白
傘,s,uann,3,白
散,s,uann,3,白
線,s,uann,3,
湠,th,uann,3,替
炭,th,uann,3,
碳,th,uann,3,
閂,tsh,uann,3,
炸,ts,uann,3,替
旦,t,uann,3,白
晏,,uann,3,白
案,,uann,3,白
喚,h,uan,3,
幻,h,uan,3,
泛,h,uan,3,
煥,h,uan,3,
販,h,uan,3,文
勸,kh,uan,3,文
券,k,uan,3,文
卷,k,uan,3,文
慣,k,uan,3,
灌,k,uan,3,
眷,k,uan,3,
罐,k,uan,3,
觀,k,uan,3,白
貫,k,uan,3,文
顴,k,uan,3,
半,p,uan,3,文
絆,p,uan,3,文
算,s,uan,3,文
蒜,s,uan,3,
串,tsh,uan,3,文
竄,tsh,uan,3,
篡,tsh,uan,3,
鑽,ts,uan,3,文
斷,t,uan,3,文
鍛,t,uan,3,
怨,,uan,3,
闖,tsh,uang,3,
快,kh,uai,3,
怪,k,uai,3,文
歲,h,ue,3,白
貨,h,ue,3,白
契,kh,ue,3,
架,kh,ue,3,替
課,kh,ue,3,白
齧,kh,ue,3,替
怪,k,ue,3,白
會,k,ue,3,
檜,k,ue,3,
界,k,ue,3,白
疥,k,ue,3,
過,k,ue,3,白
髻,k,ue,3,
鱖,k,ue,3,
佩,ph,ue,3,俗
杮,ph,ue,3,
配,ph,ue,3,
珮,p,ue,3,
背,p,ue,3,
褙,p,ue,3,
貝,p,ue,3,
輩,p,ue,3,
帥,s,ue,3,
歲,s,ue,3,文
涗,s,ue,3,替
稅,s,ue,3,
細,s,ue,3,
說,s,ue,3,文
替,th,ue,3,
摖,tsh,ue,3,替
粞,tsh,ue,3,
做,ts,ue,3,
最,ts,ue,3,
贅,ts,ue,3,
綴,t,ue,3,
穢,,ue,3,
廢,h,ui,3,
沸,h,ui,3,
費,h,ui,3,
愧,kh,ui,3,
氣,kh,ui,3,白
潰,kh,ui,3,
劌,k,ui,3,替
季,k,ui,3,
挂,k,ui,3,替
桂,k,ui,3,
瑰,k,ui,3,
貴,k,ui,3,
瘰,l,ui,3,替
呸,ph,ui,3,替
屁,ph,ui,3,
痱,p,ui,3,
帥,s,ui,3,
蛻,th,ui,3,
喙,tsh,ui,3,
碎,tsh,ui,3,
粹,tsh,ui,3,
翠,tsh,ui,3,
脆,tsh,ui,3,文
醉,ts,ui,3,
對,t,ui,3,
碓,t,ui,3,
對,,ui,3,替
慰,,ui,3,
畏,,ui,3,
蔚,,ui,3,
飫,,ui,3,替
快,kh,uinn,3,
仔,,ah,4,替
啊,,ah,4,替
壓,,ah,4,白
押,,ah,4,白
矣,,ah,4,
鴨,,ah,4,
肉,b,ah,4,替
哈,h,ah,4,
䘥,k,ah,4,
佮,k,ah,4,白
合,k,ah,4,白
柙,k,ah,4,替
甲,k,ah,4,白
胛,k,ah,4,
蓋,k,ah,4,白
較,k,ah,4,替
鴿,k,ah,4,白
卡,kh,ah,4,替
盍,kh,ah,4,替
籗,kh,ah,4,替
較,kh,ah,4,白
啦,l,ah,4,替
垃,l,ah,4,替
嘛,m,ah,4,替
媽,m,ah,4,替
凹,n,ah,4,替
爁,n,ah,4,替
叭,p,ah,4,
爸,p,ah,4,替
百,p,ah,4,白
拍,ph,ah,4,白
搭,t,ah,4,白
答,t,ah,4,白
貼,t,ah,4,白
塔,th,ah,4,
榻,th,ah,4,白
扎,ts,ah,4,替
紮,ts,ah,4,白
插,tsh,ah,4,白
唅,h,annh,4,替
熁,h,annh,4,
喢,s,annh,4,替
煞,s,annh,4,替
壓,,ap,4,文
押,,ap,4,文
握,,ap,4,俗
欱,h,ap,4,替
佮,k,ap,4,文
合,k,ap,4,文
敆,k,ap,4,
甲,k,ap,4,文
蓋,k,ap,4,文
蛤,k,ap,4,
鴿,k,ap,4,文
匼,kh,ap,4,替
塌,l,ap,4,替
圾,s,ap,4,
屑,s,ap,4,
雪,s,ap,4,替
霎,s,ap,4,
搭,t,ap,4,文
答,t,ap,4,文
塌,th,ap,4,
榻,th,ap,4,文
紮,ts,ap,4,文
插,tsh,ap,4,文
楬,,at,4,
遏,,at,4,
捌,b,at,4,替
喝,h,at,4,文
轄,h,at,4,
割,k,at,4,文
墼,k,at,4,
結,k,at,4,白
葛,k,at,4,文
渴,kh,at,4,文
𣁳,kh,at,4,
八,p,at,4,文
塞,s,at,4,替
撒,s,at,4,文
殺,s,at,4,
煞,s,at,4,文
薩,s,at,4,
虱,s,at,4,
蝨,s,at,4,
窒,th,at,4,替
踢,th,at,4,白
躂,th,at,4,
札,ts,at,4,
節,ts,at,4,白
紮,ts,at,4,文
察,tsh,at,4,
擦,tsh,at,4,
檫,tsh,at,4,替
漆,tsh,at,4,
握,,ak,4,白
沃,,ak,4,
齷,,ak,4,替
沐,b,ak,4,替
蓄,h,ak,4,白
埆,k,ak,4,替
桷,k,ak,4,替
菊,k,ak,4,白
覺,k,ak,4,
角,k,ak,4,
鵤,k,ak,4,替
殼,kh,ak,4,白
確,kh,ak,4,
麴,kh,ak,4,
戮,l,ak,4,替
橐,l,ak,4,替
落,l,ak,4,
轆,l,ak,4,替
剝,p,ak,4,白
北,p,ak,4,白
幅,p,ak,4,白
腹,p,ak,4,白
仆,ph,ak,4,
覆,ph,ak,4,白
捒,s,ak,4,替
觸,t,ak,4,替
剔,th,ak,4,白
齪,ts,ak,4,替
哎,,aih,4,替
噯,,aih,4,替
唉,h,aih,4,
軋,k,auh,4,替
𩛩,k,auh,4,替
卯,m,auh,4,替
喃,n,auh,4,替
篤,t,auh,4,替
欲,b,eh,4,替
厄,,eh,4,
呃,,eh,4,
喂,,eh,4,替
欸,,eh,4,替
嘿,h,eh,4,替
嚇,h,eh,4,白
嗝,k,eh,4,替
挌,k,eh,4,替
格,k,eh,4,白
膈,k,eh,4,
郭,k,eh,4,
鍥,k,eh,4,
隔,k,eh,4,白
客,kh,eh,4,白
瞌,kh,eh,4,替
篋,kh,eh,4,替
缺,kh,eh,4,白
𤲍,kh,eh,4,
咧,l,eh,4,替
咩,m,eh,4,替
蜢,m,eh,4,
凹,n,eh,4,替
呢,n,eh,4,替
躡,n,eh,4,替
夾,ng,eh,4,
莢,ng,eh,4,
伯,p,eh,4,白
八,p,eh,4,白
擘,p,eh,4,
柏,p,eh,4,白
百,p,eh,4,白
𬦰,p,eh,4,替
楔,s,eh,4,替
說,s,eh,4,白
雪,s,eh,4,白
咧,t,eh,4,替
嗲,t,eh,4,替
硩,t,eh,4,替
裼,th,eh,4,替
仄,ts,eh,4,
節,ts,eh,4,白
績,ts,eh,4,白
冊,tsh,eh,4,
嘖,tsh,eh,4,替
慼,tsh,eh,4,替
覕,b,ih,4,
缺,kh,ih,4,白
砌,k,ih,4,
哩,l,ih,4,替
物,m,ih,4,白
呢,n,ih,4,替
躡,n,ih,4,替
𥍉,n,ih,4,替
躄,ph,ih,4,替
撆,p,ih,4,替
湢,p,ih,4,
馝,p,ih,4,替
鱉,p,ih,4,白
爍,s,ih,4,替
薛,s,ih,4,
蟋,s,ih,4,白
鐵,th,ih,4,白
滴,t,ih,4,白
𩑾,tsh,ih,4,替
接,ts,ih,4,白
摺,ts,ih,4,
翕,h,ip,4,
挹,,ip,4,替
邑,,ip,4,
吸,kh,ip,4,
泣,kh,ip,4,
急,k,ip,4,
級,k,ip,4,
給,k,ip,4,
逐,l,ip,4,白
溼,s,ip,4,
緝,tsh,ip,4,文
輯,tsh,ip,4,白
執,ts,ip,4,
彼,h,it,4,替
一,,it,4,
乙,,it,4,
乞,kh,it,4,
匹,ph,it,4,
伯,p,it,4,替
必,p,it,4,替
畢,p,it,4,
筆,p,it,4,
失,s,it,4,
式,s,it,4,白
息,s,it,4,白
熄,s,it,4,
瑟,s,it,4,
穡,s,it,4,白
膝,s,it,4,
蝕,s,it,4,俗
得,t,it,4,白
七,tsh,it,4,
姼,tsh,it,4,
拭,tsh,it,4,
𨑨,tsh,it,4,替
姪,ts,it,4,文
織,ts,it,4,
職,ts,it,4,
脊,ts,it,4,白
質,ts,it,4,
這,ts,it,4,替
鯽,ts,it,4,
嚇,h,ik,4,文
黑,h,ik,4,
億,,ik,4,
憶,,ik,4,
溢,,ik,4,
益,,ik,4,文
臆,,ik,4,
克,kh,ik,4,
刻,kh,ik,4,
剋,kh,ik,4,
客,kh,ik,4,文
曲,kh,ik,4,白
戟,k,ik,4,
擊,k,ik,4,
格,k,ik,4,文
激,k,ik,4,
隔,k,ik,4,文
革,k,ik,4,
慄,l,ik,4,
伯,ph,ik,4,文
劈,ph,ik,4,
拍,ph,ik,4,文
泊,ph,ik,4,
碧,ph,ik,4,
辟,ph,ik,4,
霹,ph,ik,4,
魄,ph,ik,4,
伯,p,ik,4,文
壁,p,ik,4,文
柏,p,ik,4,文
百,p,ik,4,文
迫,p,ik,4,
逼,p,ik,4,
嗇,s,ik,4,文
媳,s,ik,4,
室,s,ik,4,
式,s,ik,4,文
息,s,ik,4,文
悉,s,ik,4,
惜,s,ik,4,文
昔,s,ik,4,
析,s,ik,4,
瑟,s,ik,4,
碩,s,ik,4,俗
穡,s,ik,4,文
索,s,ik,4,文
色,s,ik,4,
蟋,s,ik,4,文
識,s,ik,4,
適,s,ik,4,
釋,s,ik,4,
錫,s,ik,4,文
飾,s,ik,4,
剔,th,ik,4,文
斥,th,ik,4,
畜,th,ik,4,白
踢,th,ik,4,文
嫡,t,ik,4,
得,t,ik,4,文
德,t,ik,4,
摘,t,ik,4,文
滴,t,ik,4,文
的,t,ik,4,
竹,t,ik,4,白
促,tsh,ik,4,白
側,tsh,ik,4,
尺,tsh,ik,4,文
惻,tsh,ik,4,
慼,tsh,ik,4,
戚,tsh,ik,4,
柵,tsh,ik,4,
測,tsh,ik,4,
策,tsh,ik,4,
粟,tsh,ik,4,白
膝,tsh,ik,4,
觸,tsh,ik,4,白
赤,tsh,ik,4,文
雀,tsh,ik,4,白
則,ts,ik,4,
即,ts,ik,4,
叔,ts,ik,4,白
折,ts,ik,4,
擠,ts,ik,4,替
燭,ts,ik,4,白
爵,ts,ik,4,白
稷,ts,ik,4,
積,ts,ik,4,
窄,ts,ik,4,
績,ts,ik,4,文
脊,ts,ik,4,文
藉,ts,ik,4,文
責,ts,ik,4,
跡,ts,ik,4,文
蹟,ts,ik,4,
隻,ts,ik,4,文
撠,g,iah,4,替
遐,h,iah,4,替
搤,,iah,4,替
益,,iah,4,白
跡,j,iah,4,俗
隙,kh,iah,4,
裂,l,iah,4,替
跡,l,iah,4,俗
僻,ph,iah,4,
癖,ph,iah,4,
壁,p,iah,4,白
弊,p,iah,4,俗
削,s,iah,4,白
嗇,s,iah,4,白
錫,s,iah,4,白
拆,th,iah,4,
摘,t,iah,4,白
刺,tsh,iah,4,
赤,tsh,iah,4,白
鍤,tsh,iah,4,替
才,ts,iah,4,替
睫,ts,iah,4,
脊,ts,iah,4,白
藉,ts,iah,4,白
跡,ts,iah,4,白
遮,ts,iah,4,替
隻,ts,iah,4,白
嚇,h,iannh,4,白
挔,h,iannh,4,替
鋏,g,iap,4,替
揜,,iap,4,替
㾀,kh,iap,4,
怯,kh,iap,4,
俠,k,iap,4,
劫,k,iap,4,
峽,k,iap,4,
裌,k,iap,4,
捏,l,iap,4,
攝,l,iap,4,
𥍉,l,iap,4,替
卌,s,iap,4,
屧,s,iap,4,替
澀,s,iap,4,
帖,th,iap,4,
貼,th,iap,4,文
霎,t,iap,4,替
妾,tsh,iap,4,
竊,tsh,iap,4,
接,ts,iap,4,文
汁,ts,iap,4,
蠍,g,iat,4,
㧒,h,iat,4,替
血,h,iat,4,文
逸,,iat,4,
戛,kh,iat,4,替
揭,kh,iat,4,
詰,kh,iat,4,
譎,kh,iat,4,替
頡,kh,iat,4,
吉,k,iat,4,
揭,k,iat,4,
搩,k,iat,4,替
桔,k,iat,4,
潔,k,iat,4,
結,k,iat,4,文
羯,k,iat,4,
撇,ph,iat,4,
𥐵,ph,iat,4,替
鱉,p,iat,4,文
削,s,iat,4,文
泄,s,iat,4,
設,s,iat,4,
徹,th,iat,4,
撤,th,iat,4,
澈,th,iat,4,
鐵,th,iat,4,文
哲,t,iat,4,
切,tsh,iat,4,
掣,tsh,iat,4,文
竊,tsh,iat,4,
折,ts,iat,4,文
浙,ts,iat,4,
節,ts,iat,4,文
煏,p,iak,4,替
摔,s,iak,4,
鑠,s,iak,4,替
藃,h,iauh,4,替
歇,h,ioh,4,
諾,h,ioh,4,替
唷,,ioh,4,替
臆,,ioh,4,替
抾,kh,ioh,4,
腳,k,ioh,4,白
惜,s,ioh,4,白
擢,t,ioh,4,替
尺,tsh,ioh,4,白
沢,tsh,ioh,4,替
借,ts,ioh,4,白
藉,ts,ioh,4,俗
襀,ts,ioh,4,替
謔,g,iok,4,
旭,h,iok,4,
郁,h,iok,4,
約,,iok,4,
逐,j,iok,4,白
卻,kh,iok,4,
曲,kh,iok,4,文
腳,k,iok,4,文
菊,k,iok,4,文
鞠,k,iok,4,
叔,s,iok,4,文
宿,s,iok,4,文
寂,s,iok,4,俗
淑,s,iok,4,
粟,s,iok,4,文
縮,s,iok,4,文
肅,s,iok,4,
畜,th,iok,4,文
蓄,th,iok,4,文
竹,t,iok,4,文
竺,t,iok,4,
促,tsh,iok,4,文
捉,tsh,iok,4,
綽,tsh,iok,4,
觸,tsh,iok,4,文
雀,tsh,iok,4,文
囑,ts,iok,4,
屬,ts,iok,4,
燭,ts,iok,4,文
爵,ts,iok,4,文
祝,ts,iok,4,
芍,ts,iok,4,
足,ts,iok,4,
酌,ts,iok,4,
搐,t,iuh,4,替
喌,ts,iuh,4,替
摁,h,mh,4,
哼,h,ngh,4,替
吭,kh,ngh,4,替
嗙,ph,ngh,4,替
各,k,oh,4,白
哥,k,oh,4,替
胳,k,oh,4,替
過,k,oh,4,
閣,k,oh,4,
落,l,oh,4,替
僫,,oh,4,替
朴,ph,oh,4,
樸,ph,oh,4,白
粕,ph,oh,4,白
卜,p,oh,4,替
駁,p,oh,4,白
索,s,oh,4,白
魠,th,oh,4,
佗,t,oh,4,替
卓,t,oh,4,白
桌,t,oh,4,
𧮙,tsh,oh,4,替
作,ts,oh,4,白
乎,h,onnh,4,
橐,l,op,4,替
揍,b,ok,4,替
幅,h,ok,4,文
福,h,ok,4,
腹,h,ok,4,文
覆,h,ok,4,文
輻,h,ok,4,
郝,h,ok,4,
霍,h,ok,4,
擴,kh,ok,4,替
殼,kh,ok,4,文
涸,kh,ok,4,替
硞,kh,ok,4,替
觳,kh,ok,4,
酷,kh,ok,4,
鵠,kh,ok,4,替
各,k,ok,4,文
國,k,ok,4,
穀,k,ok,4,
谷,k,ok,4,
郭,k,ok,4,文
顎,k,ok,4,替
橐,l,ok,4,替
漉,l,ok,4,
屋,,ok,4,
惡,,ok,4,
握,,ok,4,文
博,ph,ok,4,
噗,ph,ok,4,替
扑,ph,ok,4,
搏,ph,ok,4,
樸,ph,ok,4,文
璞,ph,ok,4,
粕,ph,ok,4,文
剝,p,ok,4,文
北,p,ok,4,文
卜,p,ok,4,
噗,p,ok,4,替
暴,p,ok,4,白
駁,p,ok,4,文
塑,s,ok,4,
宿,s,ok,4,白
朔,s,ok,4,
束,s,ok,4,
縮,s,ok,4,白
速,s,ok,4,
戳,th,ok,4,
托,th,ok,4,
拓,th,ok,4,
託,th,ok,4,
㧻,t,ok,4,替
剁,t,ok,4,替
卓,t,ok,4,文
啄,t,ok,4,替
琢,t,ok,4,
督,t,ok,4,
篤,t,ok,4,
撮,tsh,ok,4,替
簇,tsh,ok,4,
錯,tsh,ok,4,文
作,ts,ok,4,文
謼,h,ooh,4,替
囉,l,ooh,4,
𢯾,m,ooh,4,替
喔,,ooh,4,
呿,kh,uh,4,替
魯,l,uh,4,替
不,p,uh,4,替
普,p,uh,4,替
發,p,uh,4,白
斯,s,uh,4,替
欶,s,uh,4,
托,th,uh,4,替
禿,th,uh,4,白
黜,th,uh,4,白
焠,tsh,uh,4,替
眵,tsh,uh,4,替
泏,ts,uh,4,替
盹,t,uh,4,替
噎,,uh,4,替
粅,b,ut,4,替
魩,b,ut,4,替
囫,h,ut,4,替
彿,h,ut,4,
忽,h,ut,4,
拂,h,ut,4,替
屈,kh,ut,4,
窟,kh,ut,4,
骨,k,ut,4,
甪,l,ut,4,替
刜,ph,ut,4,替
怫,ph,ut,4,替
不,p,ut,4,
抔,p,ut,4,替
柫,p,ut,4,替
屑,s,ut,4,替
戌,s,ut,4,
捽,s,ut,4,替
率,s,ut,4,文
蟀,s,ut,4,
禿,th,ut,4,文
脫,th,ut,4,替
黜,th,ut,4,文
出,tsh,ut,4,
齣,tsh,ut,4,
卒,ts,ut,4,
熨,,ut,4,
鬱,,ut,4,
抹,b,uah,4,
喝,h,uah,4,白
砉,h,uah,4,替
渴,kh,uah,4,白
闊,kh,uah,4,
割,k,uah,4,白
括,k,uah,4,替
葛,k,uah,4,白
捋,l,uah,4,替
潑,ph,uah,4,白
撥,p,uah,4,白
缽,p,uah,4,白
撒,s,uah,4,白
煞,s,uah,4,白
屜,th,uah,4,
挩,th,uah,4,
獺,th,uah,4,
脫,th,uah,4,白
掣,tsh,uah,4,白
疶,tsh,uah,4,替
礤,tsh,uah,4,
泏,ts,uah,4,替
掇,t,uah,4,替
法,h,uat,4,
發,h,uat,4,文
髮,h,uat,4,
缺,kh,uat,4,文
闕,kh,uat,4,
刮,k,uat,4,
抉,k,uat,4,替
括,k,uat,4,
決,k,uat,4,
訣,k,uat,4,
潑,ph,uat,4,文
撥,p,uat,4,文
缽,p,uat,4,文
刷,s,uat,4,
說,s,uat,4,文
雪,s,uat,4,文
鱈,s,uat,4,
脫,th,uat,4,文
拙,ts,uat,4,
撮,ts,uat,4,
泏,ts,uat,4,
綴,t,uat,4,
斡,,uat,4,
𨂿,,uainnh,4,
欲,b,ueh,4,替
血,h,ueh,4,白
瞌,kh,ueh,4,替
缺,kh,ueh,4,白
𤲍,kh,ueh,4,
刮,k,ueh,4,替
蕨,k,ueh,4,替
郭,k,ueh,4,白
鍥,k,ueh,4,
八,p,ueh,4,白
說,s,ueh,4,白
慼,tsh,ueh,4,替
節,ts,ueh,4,白
喂,,ueh,4,替
血,h,uih,4,白
刮,k,uih,4,替
媌,b,a,5,替
峇,b,a,5,替
猫,b,a,5,替
貓,b,a,5,
錨,b,a,5,白
麻,b,a,5,
牙,g,a,5,文
芽,g,a,5,文
瑕,h,a,5,
縖,h,a,5,替
荷,h,a,5,替
霞,h,a,5,文
垃,l,a,5,替
膋,l,a,5,替
蜊,l,a,5,
蟧,l,a,5,替
鯪,l,a,5,替
麻,m,a,5,文
嚨,n,a,5,白
林,n,a,5,白
籃,n,a,5,白
藍,n,a,5,白
鐃,n,a,5,白
爸,p,a,5,
琶,p,a,5,文
查,tsh,a,5,
柴,tsh,a,5,
攔,,ann,5,替
含,k,ann,5,白
耽,t,ann,5,替
涵,,am,5,白
岩,g,am,5,白
癌,g,am,5,
函,h,am,5,
含,h,am,5,文
涵,h,am,5,文
含,k,am,5,白
南,l,am,5,
嵐,l,am,5,
楠,l,am,5,
淋,l,am,5,白
男,l,am,5,
籃,l,am,5,文
藍,l,am,5,文
襤,l,am,5,
儳,s,am,5,替
澹,t,am,5,替
談,t,am,5,
譚,t,am,5,
潭,th,am,5,
痰,th,am,5,
罈,th,am,5,
蠶,th,am,5,白
譚,th,am,5,
蠶,tsh,am,5,文
絚,,an,5,
蠻,b,an,5,
閩,b,an,5,
饅,b,an,5,
寒,g,an,5,替
顏,g,an,5,
寒,h,an,5,文
閒,h,an,5,文
韓,h,an,5,
頇,h,an,5,
𫟂,h,an,5,替
㔂,l,an,5,替
攔,l,an,5,文
欄,l,an,5,文
瀾,l,an,5,
蘭,l,an,5,
難,l,an,5,
零,l,an,5,白
鱗,l,an,5,白
便,p,an,5,白
瓶,p,an,5,
壇,t,an,5,文
彈,t,an,5,文
檀,t,an,5,文
陳,t,an,5,白
霆,t,an,5,
彈,th,an,5,
層,ts,an,5,
殘,ts,an,5,文
殘,tsh,an,5,白
田,tsh,an,5,替
蠶,tsh,an,5,
洪,,ang,5,白
紅,,ang,5,白
忙,b,ang,5,白
芒,b,ang,5,白
茫,b,ang,5,白
杭,h,ang,5,
航,h,ang,5,
行,h,ang,5,
降,h,ang,5,
人,l,ang,5,替
礱,l,ang,5,
籠,l,ang,5,白
聾,l,ang,5,白
膿,l,ang,5,白
房,p,ang,5,白
縫,p,ang,5,白
馮,p,ang,5,
龐,p,ang,5,
帆,ph,ang,5,白
捀,ph,ang,5,
篷,ph,ang,5,白
同,t,ang,5,白
桐,t,ang,5,白
童,t,ang,5,白
筒,t,ang,5,白
胴,t,ang,5,替
銅,t,ang,5,
蟲,th,ang,5,白
叢,ts,ang,5,白
欉,ts,ang,5,
灇,ts,ang,5,替
埋,b,ai,5,
楣,b,ai,5,
眉,b,ai,5,白
崖,g,ai,5,
涯,g,ai,5,
孩,h,ai,5,
諧,h,ai,5,
鞋,h,ai,5,文
頦,h,ai,5,文
骸,h,ai,5,
來,l,ai,5,
梨,l,ai,5,白
萊,l,ai,5,
俳,p,ai,5,
徘,p,ai,5,
排,p,ai,5,
棑,p,ai,5,替
牌,p,ai,5,
饞,s,ai,5,替
台,t,ai,5,
埋,t,ai,5,替
檯,t,ai,5,
臺,t,ai,5,
𧉟,t,ai,5,替
刣,th,ai,5,替
才,ts,ai,5,
材,ts,ai,5,
臍,ts,ai,5,白
財,ts,ai,5,
才,tsh,ai,5,
裁,tsh,ai,5,
睚,k,ainn,5,替
喉,,au,5,
𠢕,g,au,5,
侯,h,au,5,白
猴,k,au,5,
劉,l,au,5,
樓,l,au,5,
流,l,au,5,白
留,l,au,5,白
鐃,l,au,5,文
矛,m,au,5,
茅,m,au,5,文
爻,ng,au,5,
肴,ng,au,5,
包,p,au,5,俗
袍,ph,au,5,
跑,ph,au,5,替
投,t,au,5,
骰,t,au,5,
頭,th,au,5,白
剿,ts,au,5,
巢,ts,au,5,
糜,b,e,5,
迷,b,e,5,
个,,e,5,
的,,e,5,替
鞋,,e,5,白
㤉,g,e,5,替
倪,g,e,5,
牙,g,e,5,白
芽,g,e,5,白
衙,g,e,5,
回,h,e,5,
奚,h,e,5,
攜,h,e,5,
蝦,h,e,5,
霞,h,e,5,白
枷,k,e,5,白
膎,k,e,5,
㧎,kh,e,5,替
瘸,kh,e,5,
挼,l,e,5,
梨,l,e,5,文
檸,l,e,5,
犁,l,e,5,
璃,l,e,5,
腡,l,e,5,
螺,l,e,5,白
麗,l,e,5,
黎,l,e,5,
明,m,e,5,白
暝,m,e,5,
盲,m,e,5,替
鋩,m,e,5,替
晾,n,e,5,替
扒,p,e,5,
杷,p,e,5,
爬,p,e,5,
琶,p,e,5,白
耙,p,e,5,
賠,p,e,5,
皮,ph,e,5,白
垂,s,e,5,替
茶,t,e,5,
蹄,t,e,5,
題,t,e,5,
堤,th,e,5,
提,th,e,5,
臍,ts,e,5,文
蠐,ts,e,5,替
齊,ts,e,5,
䠡,tsh,e,5,替
棰,tsh,e,5,
箠,tsh,e,5,白
楹,,enn,5,白
坪,p,enn,5,白
平,p,enn,5,白
棚,p,enn,5,白
彭,ph,enn,5,白
澎,ph,enn,5,
晴,ts,enn,5,白
咪,b,i,5,替
微,b,i,5,
眉,b,i,5,文
眯,b,i,5,
薇,b,i,5,
儀,g,i,5,
宜,g,i,5,
疑,g,i,5,
誼,g,i,5,
漁,h,i,5,白
魚,h,i,5,白
夷,,i,5,
姨,,i,5,
怡,,i,5,
惟,,i,5,
於,,i,5,
移,,i,5,
維,,i,5,
胰,,i,5,
餘,,i,5,白
俞,j,i,5,
兒,j,i,5,
猊,j,i,5,替
而,j,i,5,
疧,kh,i,5,替
蜞,kh,i,5,
騎,kh,i,5,文
其,k,i,5,
奇,k,i,5,文
旗,k,i,5,
期,k,i,5,
棋,k,i,5,
歧,k,i,5,
淇,k,i,5,
琦,k,i,5,
琪,k,i,5,
祈,k,i,5,
祺,k,i,5,
耆,k,i,5,
麒,k,i,5,
兒,l,i,5,
厘,l,i,5,
尼,l,i,5,
狸,l,i,5,
猊,l,i,5,替
璃,l,i,5,
簾,l,i,5,白
籬,l,i,5,
縭,l,i,5,
而,l,i,5,
釐,l,i,5,
離,l,i,5,
驢,l,i,5,
暝,m,i,5,
棉,m,i,5,白
盲,m,i,5,替
綿,m,i,5,白
呢,n,i,5,替
哖,n,i,5,替
妮,n,i,5,
尼,n,i,5,
年,n,i,5,白
彌,n,i,5,
泥,n,i,5,
簾,n,i,5,白
連,n,i,5,白
疲,ph,i,5,
皮,ph,i,5,文
脾,ph,i,5,
枇,p,i,5,替
琵,p,i,5,
皮,p,i,5,白
脾,p,i,5,
匙,s,i,5,
時,s,i,5,
辭,s,i,5,白
啼,th,i,5,
苔,th,i,5,白
持,t,i,5,白
池,t,i,5,
苔,t,i,5,白
遲,t,i,5,
鋤,t,i,5,
除,t,i,5,白
馳,t,i,5,
徐,tsh,i,5,
持,tsh,i,5,文
溡,tsh,i,5,替
糍,ts,i,5,
薯,ts,i,5,白
薺,ts,i,5,替
蜍,ts,i,5,
鶿,ts,i,5,替
員,,inn,5,白
圓,,inn,5,白
拑,kh,inn,5,
鉗,kh,inn,5,白
墘,k,inn,5,替
彭,ph,inn,5,白
坪,p,inn,5,白
平,p,inn,5,白
棚,p,inn,5,白
纏,t,inn,5,白
瀳,tsh,inn,5,
簷,ts,inn,5,白
錢,ts,inn,5,白
吟,g,im,5,
砛,g,im,5,替
熊,h,im,5,
淫,,im,5,
任,j,im,5,
壬,j,im,5,
撏,j,im,5,
擒,kh,im,5,
琴,kh,im,5,
禽,kh,im,5,
任,l,im,5,
壬,l,im,5,
撏,l,im,5,
林,l,im,5,文
淋,l,im,5,文
琳,l,im,5,
臨,l,im,5,
霖,l,im,5,
尋,s,im,5,文
沉,t,im,5,文
鑱,tsh,im,5,
蟳,ts,im,5,
明,b,in,5,白
民,b,in,5,
眠,b,in,5,白
睨,g,in,5,替
銀,g,in,5,
眩,h,in,5,
寅,,in,5,
人,j,in,5,
仁,j,in,5,
勤,kh,in,5,
芹,kh,in,5,
人,l,in,5,
仁,l,in,5,
憐,l,in,5,白
遴,l,in,5,
鄰,l,in,5,
鱗,l,in,5,文
麟,l,in,5,
蹁,ph,in,5,
屏,p,in,5,白
憑,p,in,5,白
貧,p,in,5,
頻,p,in,5,
承,s,in,5,白
晨,s,in,5,
神,s,in,5,
臣,s,in,5,
蠅,s,in,5,
辰,s,in,5,
斟,th,in,5,替
塵,t,in,5,
籐,t,in,5,
藤,t,in,5,白
陳,t,in,5,文
秦,ts,in,5,
繩,ts,in,5,白
冥,b,ing,5,
名,b,ing,5,文
明,b,ing,5,文
盟,b,ing,5,
螟,b,ing,5,
銘,b,ing,5,
鳴,b,ing,5,
凝,g,ing,5,
迎,g,ing,5,文
龍,g,ing,5,白
刑,h,ing,5,
型,h,ing,5,
形,h,ing,5,
恆,h,ing,5,
橫,h,ing,5,文
螢,h,ing,5,
行,h,ing,5,文
衡,h,ing,5,
還,h,ing,5,白
雄,h,ing,5,白
楹,,ing,5,文
榮,,ing,5,
營,,ing,5,文
瑩,,ing,5,
盈,,ing,5,
螢,,ing,5,
贏,,ing,5,文
閒,,ing,5,白
擎,kh,ing,5,
瓊,kh,ing,5,白
窮,kh,ing,5,白
窮,k,ing,5,白
凌,l,ing,5,
寧,l,ing,5,
拎,l,ing,5,替
玲,l,ing,5,
稜,l,ing,5,
綾,l,ing,5,
聆,l,ing,5,
能,l,ing,5,
苓,l,ing,5,
菱,l,ing,5,
薐,l,ing,5,替
行,l,ing,5,替
鈴,l,ing,5,
陵,l,ing,5,
零,l,ing,5,文
靈,l,ing,5,
齡,l,ing,5,
龍,l,ing,5,白
𦊓,l,ing,5,
坪,ph,ing,5,文
彭,ph,ing,5,文
硼,ph,ing,5,
萍,ph,ing,5,
評,ph,ing,5,
鵬,ph,ing,5,
屏,p,ing,5,文
平,p,ing,5,文
憑,p,ing,5,文
朋,p,ing,5,
棚,p,ing,5,文
爿,p,ing,5,替
秤,p,ing,5,
鵬,p,ing,5,
乘,s,ing,5,
城,s,ing,5,文
成,s,ing,5,文
承,s,ing,5,文
繩,s,ing,5,文
誠,s,ing,5,文
停,th,ing,5,
呈,th,ing,5,
程,th,ing,5,文
謄,th,ing,5,
騰,th,ing,5,
亭,t,ing,5,
婷,t,ing,5,
庭,t,ing,5,文
廷,t,ing,5,
懲,t,ing,5,
澄,t,ing,5,
程,t,ing,5,文
藤,t,ing,5,文
重,t,ing,5,白
霆,t,ing,5,
松,tsh,ing,5,白
榕,tsh,ing,5,白
前,ts,ing,5,白
從,ts,ing,5,白
情,ts,ing,5,文
晴,ts,ing,5,文
曾,ts,ing,5,
夯,g,ia,5,替
蜈,g,ia,5,替
迎,g,ia,5,白
鵝,g,ia,5,白
遐,h,ia,5,替
椰,,ia,5,
爺,,ia,5,
耶,,ia,5,
騎,kh,ia,5,白
名,m,ia,5,白
明,m,ia,5,白
樠,m,ia,5,替
迎,ng,ia,5,白
娘,n,ia,5,白
佘,s,ia,5,
斜,s,ia,5,文
蛇,s,ia,5,文
邪,s,ia,5,
斜,tsh,ia,5,白
惶,h,iann,5,
燃,h,iann,5,白
營,,iann,5,白
贏,,iann,5,白
檠,k,iann,5,替
行,k,iann,5,白
坪,ph,iann,5,白
平,p,iann,5,白
唌,s,iann,5,替
城,s,iann,5,白
成,s,iann,5,白
程,th,iann,5,白
埕,t,iann,5,
庭,t,iann,5,白
成,tsh,iann,5,白
晟,tsh,iann,5,替
情,ts,iann,5,白
成,ts,iann,5,白
誠,ts,iann,5,白
嚴,g,iam,5,
岩,g,iam,5,文
閻,g,iam,5,
嫌,h,iam,5,
鹽,,iam,5,
苒,j,iam,5,
鉗,kh,iam,5,文
鹹,k,iam,5,
廉,l,iam,5,
簷,l,iam,5,文
簾,l,iam,5,文
臁,l,iam,5,替
苒,l,iam,5,
連,l,iam,5,
鯰,l,iam,5,
黏,l,iam,5,
尋,s,iam,5,白
蟾,s,iam,5,
沉,t,iam,5,白
潛,ts,iam,5,
棉,b,ian,5,文
眠,b,ian,5,文
綿,b,ian,5,文
言,g,ian,5,
弦,h,ian,5,
懸,h,ian,5,文
玄,h,ian,5,
絃,h,ian,5,
舷,h,ian,5,
賢,h,ian,5,
延,,ian,5,
沿,,ian,5,
筵,,ian,5,
緣,,ian,5,
芫,,ian,5,替
蝝,,ian,5,替
鉛,,ian,5,
然,j,ian,5,
燃,j,ian,5,文
乾,kh,ian,5,
虔,kh,ian,5,
嗹,l,ian,5,替
年,l,ian,5,文
憐,l,ian,5,文
槤,l,ian,5,
然,l,ian,5,
燃,l,ian,5,文
聯,l,ian,5,
蓮,l,ian,5,
蘭,l,ian,5,替
連,l,ian,5,文
鰱,l,ian,5,
𦟪,l,ian,5,替
涎,s,ian,5,
禪,s,ian,5,
蟬,s,ian,5,
田,t,ian,5,
纏,t,ian,5,文
延,tsh,ian,5,
腸,tsh,ian,5,俗
錢,tsh,ian,5,俗
前,ts,ian,5,文
錢,ts,ian,5,文
涼,l,iang,5,文
粱,l,iang,5,
場,tsh,iang,5,文
常,tsh,iang,5,俗
沖,tsh,iang,5,替
腸,tsh,iang,5,文
長,tsh,iang,5,文
描,b,iau,5,文
苗,b,iau,5,
錨,b,iau,5,文
堯,g,iau,5,
憢,g,iau,5,
嬈,h,iau,5,替
姚,,iau,5,文
搖,,iau,5,文
謠,,iau,5,
遙,,iau,5,
皺,j,iau,5,替
蟯,j,iau,5,
饒,j,iau,5,
鱙,j,iau,5,
僑,k,iau,5,
喬,k,iau,5,
橋,k,iau,5,文
僚,l,iau,5,
嘹,l,iau,5,
寥,l,iau,5,
寮,l,iau,5,
撩,l,iau,5,替
條,l,iau,5,
獠,l,iau,5,
療,l,iau,5,
皺,l,iau,5,替
瞭,l,iau,5,
聊,l,iau,5,
蟯,l,iau,5,
蹽,l,iau,5,替
遼,l,iau,5,
鐐,l,iau,5,
饒,l,iau,5,
鱙,l,iau,5,
嫖,ph,iau,5,
潲,s,iau,5,替
鮡,th,iau,5,替
晁,t,iau,5,
朝,t,iau,5,
條,t,iau,5,
潮,t,iau,5,
牢,t,iau,5,白
調,t,iau,5,
撨,tsh,iau,5,替
憔,ts,iau,5,
樵,ts,iau,5,
齊,ts,iau,5,替
描,b,io,5,白
蕘,g,io,5,替
蟯,g,io,5,
姚,,io,5,白
搖,,io,5,白
窯,,io,5,
橋,k,io,5,白
茄,k,io,5,
撩,l,io,5,替
𠞭,l,io,5,替
瓢,ph,io,5,
薸,ph,io,5,
荍,s,io,5,替
頭,th,io,5,文
趒,t,io,5,
融,h,iong,5,
雄,h,iong,5,文
容,,iong,5,
庸,,iong,5,
揚,,iong,5,
楊,,iong,5,文
榕,,iong,5,文
洋,,iong,5,文
溶,,iong,5,文
煬,,iong,5,
熔,,iong,5,文
瘍,,iong,5,
羊,,iong,5,文
蓉,,iong,5,
融,,iong,5,
陽,,iong,5,文
瓤,j,iong,5,文
絨,j,iong,5,
茸,j,iong,5,
瓊,kh,iong,5,文
強,k,iong,5,
窮,k,iong,5,文
娘,l,iong,5,文
樑,l,iong,5,文
瓤,l,iong,5,文
絨,l,iong,5,
良,l,iong,5,
茸,l,iong,5,
量,l,iong,5,文
隆,l,iong,5,
龍,l,iong,5,文
償,s,iong,5,
嘗,s,iong,5,
嫦,s,iong,5,
常,s,iong,5,
松,s,iong,5,文
祥,s,iong,5,
翔,s,iong,5,
詳,s,iong,5,
蟲,th,iong,5,文
腸,t,iong,5,文
重,t,iong,5,文
長,t,iong,5,文
從,ts,iong,5,文
牛,g,iu,5,文
裘,h,iu,5,
尤,,iu,5,
油,,iu,5,
游,,iu,5,
猶,,iu,5,
由,,iu,5,
遊,,iu,5,
郵,,iu,5,
揉,j,iu,5,
柔,j,iu,5,
榆,j,iu,5,
鰇,j,iu,5,
虯,kh,iu,5,
仇,k,iu,5,
毬,k,iu,5,替
求,k,iu,5,
球,k,iu,5,
㨨,l,iu,5,替
揉,l,iu,5,
柔,l,iu,5,
榆,l,iu,5,
榴,l,iu,5,
流,l,iu,5,文
琉,l,iu,5,
留,l,iu,5,文
瘤,l,iu,5,
硫,l,iu,5,
餾,l,iu,5,
鰇,l,iu,5,
娘,n,iu,5,白
梁,n,iu,5,
樑,n,iu,5,白
涼,n,iu,5,白
糧,n,iu,5,
量,n,iu,5,白
仇,s,iu,5,
囚,s,iu,5,
泅,s,iu,5,
酋,s,iu,5,
酬,s,iu,5,
稠,t,iu,5,
籌,t,iu,5,
綢,t,iu,5,
躊,t,iu,5,
愁,tsh,iu,5,
揫,tsh,iu,5,
楊,,iunn,5,白
洋,,iunn,5,白
溶,,iunn,5,白
熔,,iunn,5,白
羊,,iunn,5,白
鎔,,iunn,5,
陽,,iunn,5,白
𣻸,s,iunn,5,替
場,t,iunn,5,白
楊,tsh,iunn,5,白
牆,tsh,iunn,5,
薔,tsh,iunn,5,
颺,tsh,iunn,5,
媒,h,m,5,白
茅,h,m,5,白
梅,,m,5,白
莓,,m,5,白
園,h,ng,5,白
毛,m,ng,5,白
門,m,ng,5,白
圇,,ng,5,
黃,,ng,5,白
榔,n,ng,5,白
瓤,n,ng,5,白
郎,n,ng,5,白
床,s,ng,5,白
傳,th,ng,5,白
糖,th,ng,5,
唐,t,ng,5,白
堂,t,ng,5,白
塘,t,ng,5,白
腸,t,ng,5,白
長,t,ng,5,白
床,tsh,ng,5,白
全,ts,ng,5,白
無,b,o,5,替
俄,g,o,5,白
熬,g,o,5,
遨,g,o,5,替
鵝,g,o,5,白
何,h,o,5,文
和,h,o,5,文
壕,h,o,5,
毫,h,o,5,
河,h,o,5,
禾,h,o,5,
荷,h,o,5,
豪,h,o,5,
貉,h,o,5,
苛,kh,o,5,替
笱,k,o,5,替
膏,k,o,5,替
勞,l,o,5,
囉,l,o,5,替
濁,l,o,5,替
牢,l,o,5,文
癆,l,o,5,
籮,l,o,5,文
羅,l,o,5,
邏,l,o,5,
鑼,l,o,5,
蚵,,o,5,替
婆,p,o,5,
趖,s,o,5,替
桃,th,o,5,文
迌,th,o,5,替
桃,t,o,5,白
淘,t,o,5,
濤,t,o,5,
萄,t,o,5,
逃,t,o,5,
鉈,t,o,5,
陶,t,o,5,
駝,t,o,5,
鴕,t,o,5,
曹,ts,o,5,
槽,ts,o,5,
艚,ts,o,5,
鼾,k,onn,5,替
丼,t,om,5,替
亡,b,ong,5,
忙,b,ong,5,文
盲,b,ong,5,
矇,b,ong,5,
肓,b,ong,5,
芒,b,ong,5,文
茫,b,ong,5,文
蒙,b,ong,5,
雺,b,ong,5,
昂,g,ong,5,
楞,g,ong,5,替
凰,h,ong,5,
妨,h,ong,5,
宏,h,ong,5,
弘,h,ong,5,
泓,h,ong,5,
洪,h,ong,5,文
煌,h,ong,5,
癀,h,ong,5,替
皇,h,ong,5,
磺,h,ong,5,
篷,h,ong,5,文
紅,h,ong,5,文
縫,h,ong,5,文
蓬,h,ong,5,
逢,h,ong,5,
防,h,ong,5,
隍,h,ong,5,
鴻,h,ong,5,
黃,h,ong,5,文
栱,k,ong,5,
狂,k,ong,5,
嚨,l,ong,5,文
囊,l,ong,5,
廊,l,ong,5,
榔,l,ong,5,文
櫳,l,ong,5,
濃,l,ong,5,
狼,l,ong,5,
籠,l,ong,5,文
聾,l,ong,5,文
膿,l,ong,5,文
農,l,ong,5,
郎,l,ong,5,文
王,,ong,5,
膀,ph,ong,5,
蘋,ph,ong,5,
房,p,ong,5,文
旁,p,ong,5,
篷,p,ong,5,白
倯,s,ong,5,替
佟,t,ong,5,
同,t,ong,5,文
唐,t,ong,5,文
堂,t,ong,5,文
塘,t,ong,5,文
幢,t,ong,5,替
桐,t,ong,5,文
棠,t,ong,5,
瞳,t,ong,5,
童,t,ong,5,文
筒,t,ong,5,文
床,tsh,ong,5,文
傱,ts,ong,5,替
叢,ts,ong,5,文
崇,ts,ong,5,
藏,ts,ong,5,
摹,b,oo,5,
模,b,oo,5,
牟,b,oo,5,
謀,b,oo,5,
娛,g,oo,5,
蜈,g,oo,5,
侯,h,oo,5,文
壺,h,oo,5,文
弧,h,oo,5,
撈,h,oo,5,替
毫,h,oo,5,
狐,h,oo,5,
糊,h,oo,5,文
胡,h,oo,5,文
葫,h,oo,5,
蝴,h,oo,5,文
鬍,h,oo,5,
鰗,h,oo,5,替
糊,k,oo,5,白
奴,l,oo,5,
婁,l,oo,5,
爐,l,oo,5,
盧,l,oo,5,
蘆,l,oo,5,
螺,l,oo,5,文
鱸,l,oo,5,
鸕,l,oo,5,
摩,m,oo,5,
毛,m,oo,5,文
盲,m,oo,5,
矛,m,oo,5,
磨,m,oo,5,文
蘑,m,oo,5,
魔,m,oo,5,
俄,ng,oo,5,文
吳,ng,oo,5,
吾,ng,oo,5,
娛,ng,oo,5,
娥,ng,oo,5,
梧,ng,oo,5,
蜈,ng,oo,5,
遨,ng,oo,5,
鵝,ng,oo,5,文
壺,,oo,5,白
湖,,oo,5,
瑚,,oo,5,
胡,,oo,5,白
蝴,,oo,5,白
扶,ph,oo,5,白
菩,ph,oo,5,
捗,p,oo,5,替
痡,p,oo,5,替
蒲,p,oo,5,
裒,p,oo,5,
酺,p,oo,5,替
塗,th,oo,5,白
涂,th,oo,5,白
頭,th,oo,5,文
圖,t,oo,5,
塗,t,oo,5,文
屠,t,oo,5,
廚,t,oo,5,白
徒,t,oo,5,
涂,t,oo,5,文
濤,t,oo,5,
途,t,oo,5,
陀,t,oo,5,
巫,b,u,5,
無,b,u,5,
誣,b,u,5,
娛,g,u,5,
愚,g,u,5,
漁,g,u,5,文
牛,g,u,5,白
虞,g,u,5,
魚,g,u,5,文
扶,h,u,5,文
浮,h,u,5,文
漁,h,u,5,白
符,h,u,5,
芙,h,u,5,文
苻,h,u,5,
魚,h,u,5,白
俞,j,u,5,
儒,j,u,5,
如,j,u,5,
愉,j,u,5,
挐,j,u,5,替
渝,j,u,5,
瑜,j,u,5,
蠕,j,u,5,文
瞿,kh,u,5,
跍,kh,u,5,替
俞,l,u,5,
儒,l,u,5,
如,l,u,5,
愉,l,u,5,
挐,l,u,5,替
渝,l,u,5,
瑜,l,u,5,
蠕,l,u,5,文
驢,l,u,5,
浮,ph,u,5,白
烰,ph,u,5,替
芙,ph,u,5,白
葡,ph,u,5,
匏,p,u,5,
垺,p,u,5,替
炰,p,u,5,
嗣,s,u,5,俗
殊,s,u,5,
祠,s,u,5,
詞,s,u,5,
辭,s,u,5,文
疵,tsh,u,5,
喌,ts,u,5,替
慈,ts,u,5,
磁,ts,u,5,
薯,ts,u,5,白
儲,t,u,5,
廚,t,u,5,文
櫥,t,u,5,
躇,t,u,5,
鋤,t,u,5,
除,t,u,5,白
余,,u,5,
圍,,u,5,俗
渝,,u,5,
瑜,,u,5,
餘,,u,5,文
文,b,un,5,
紋,b,un,5,
聞,b,un,5,
蚊,b,un,5,
門,b,un,5,文
雯,b,un,5,
銀,g,un,5,
墳,h,un,5,文
渾,h,un,5,
焚,h,un,5,
痕,h,un,5,
雲,h,un,5,
魂,h,un,5,
勤,kh,un,5,
囷,kh,un,5,替
芹,kh,un,5,
蜷,kh,un,5,替
拳,k,un,5,白
群,k,un,5,
裙,k,un,5,
𤉙,k,un,5,替
倫,l,un,5,
圇,l,un,5,
淪,l,un,5,
綸,l,un,5,
輪,l,un,5,
墳,ph,un,5,白
盆,ph,un,5,
歕,p,un,5,
唇,s,un,5,
巡,s,un,5,
循,s,un,5,
旬,s,un,5,
殉,s,un,5,
純,s,un,5,
絢,s,un,5,
荀,s,un,5,
詢,s,un,5,
醇,s,un,5,
馴,s,un,5,
豚,th,un,5,
黗,th,un,5,替
存,tsh,un,5,
前,ts,un,5,替
存,ts,un,5,
船,ts,un,5,
唇,t,un,5,
脣,t,un,5,
云,,un,5,
勻,,un,5,替
殷,,un,5,文
筠,,un,5,
耘,,un,5,
磨,b,ua,5,白
樺,h,ua,5,
華,h,ua,5,
籮,l,ua,5,白
痲,m,ua,5,
瞞,m,ua,5,
鰻,m,ua,5,
麻,m,ua,5,白
攔,n,ua,5,白
欄,n,ua,5,白
蛇,ts,ua,5,白
何,,ua,5,白
鼾,h,uann,5,替
寒,k,uann,5,白
盤,p,uann,5,白
磐,p,uann,5,白
殘,ts,uann,5,白
泉,ts,uann,5,白
壇,t,uann,5,白
彈,t,uann,5,白
檀,t,uann,5,白
元,g,uan,5,
原,g,uan,5,
源,g,uan,5,
頑,g,uan,5,
凡,h,uan,5,
圜,h,uan,5,
帆,h,uan,5,文
樊,h,uan,5,
煩,h,uan,5,
環,h,uan,5,文
礬,h,uan,5,
繁,h,uan,5,
還,h,uan,5,文
權,kh,uan,5,
環,kh,uan,5,白
懸,k,uan,5,白
拳,k,uan,5,文
戀,l,uan,5,俗
鑾,l,uan,5,
鸞,l,uan,5,
盤,ph,uan,5,文
磐,ph,uan,5,文
盤,p,uan,5,文
旋,s,uan,5,
璿,s,uan,5,
傳,th,uan,5,文
團,th,uan,5,
攢,tsh,uan,5,
全,ts,uan,5,文
泉,ts,uan,5,文
丸,,uan,5,
員,,uan,5,文
園,,uan,5,文
圓,,uan,5,文
垣,,uan,5,
完,,uan,5,
灣,,uan,5,
袁,,uan,5,
懷,h,uai,5,
槐,h,uai,5,
淮,h,uai,5,
頦,h,uai,5,白
橫,h,uainn,5,白
莖,h,uainn,5,替
囮,b,ue,5,
和,h,ue,5,白
回,h,ue,5,
荷,h,ue,5,替
迴,h,ue,5,
𫝻,h,ue,5,替
挼,j,ue,5,
瘸,kh,ue,5,
葵,kh,ue,5,替
膎,k,ue,5,
媒,m,ue,5,白
梅,m,ue,5,白
煤,m,ue,5,
糜,m,ue,5,
皮,ph,ue,5,白
培,p,ue,5,
裴,p,ue,5,
賠,p,ue,5,
陪,p,ue,5,
垂,s,ue,5,白
棰,tsh,ue,5,
箠,tsh,ue,5,白
齊,ts,ue,5,
蹄,t,ue,5,
頹,t,ue,5,
題,t,ue,5,
喂,,ue,5,替
鞋,,ue,5,白
危,g,ui,5,
瓷,h,ui,5,替
肥,h,ui,5,文
葵,k,ui,5,
擂,l,ui,5,
癗,l,ui,5,替
鐳,l,ui,5,
雷,l,ui,5,
媒,m,ui,5,文
梅,m,ui,5,文
玫,m,ui,5,
莓,m,ui,5,文
肥,p,ui,5,白
垂,s,ui,5,文
箠,s,ui,5,文
誰,s,ui,5,文
隨,s,ui,5,
槌,th,ui,5,
錘,th,ui,5,
誰,ts,ui,5,白
𠞩,ts,ui,5,替
捶,t,ui,5,
危,,ui,5,俗
唯,,ui,5,
圍,,ui,5,
帷,,ui,5,
惟,,ui,5,
桅,,ui,5,
為,,ui,5,
維,,ui,5,
違,,ui,5,
遺,,ui,5,
韋,,ui,5,
橫,h,uinn,5,白
峇,b,a,7,替
擸,b,a,7,替
覓,b,a,7,替
鴟,b,a,7,替
下,h,a,7,文
夏,h,a,7,文
暇,h,a,7,
共,k,a,7,
咬,k,a,7,白
抐,l,a,7,替
嘛,m,a,7,替
罵,m,a,7,文
但,n,a,7,
吶,n,a,7,替
若,n,a,7,白
罷,p,a,7,
疱,ph,a,7,替
喳,tsh,a,7,替
餡,,ann,7,
迒,h,ann,7,替
奅,ph,ann,7,
淡,t,ann,7,白
㨻,ts,ann,7,
錚,tsh,ann,7,替
頷,,am,7,
儑,g,am,7,替
𩸶,g,am,7,替
和,h,am,7,替
憾,h,am,7,
陷,h,am,7,
濫,l,am,7,替
纜,l,am,7,白
艦,l,am,7,
啖,t,am,7,替
淡,t,am,7,文
窞,th,am,7,替
站,ts,am,7,
鏨,ts,am,7,替
限,,an,7,白
慢,b,an,7,
曼,b,an,7,
漫,b,an,7,
瓣,b,an,7,替
萬,b,an,7,
蔓,b,an,7,
顢,b,an,7,替
岸,g,an,7,文
彥,g,an,7,
諺,g,an,7,
雁,g,an,7,
旱,h,an,7,文
汗,h,an,7,文
瀚,h,an,7,
翰,h,an,7,
限,h,an,7,文
亂,l,an,7,白
爛,l,an,7,文
難,l,an,7,
𡳞,l,an,7,
扮,p,an,7,
範,p,an,7,白
辦,p,an,7,
但,t,an,7,
彈,t,an,7,文
憚,t,an,7,
誕,t,an,7,
贊,ts,an,7,替
夢,b,ang,7,白
望,b,ang,7,白
網,b,ang,7,白
愣,g,ang,7,替
巷,h,ang,7,
項,h,ang,7,
仝,k,ang,7,替
共,k,ang,7,白
俍,l,ang,7,替
弄,l,ang,7,白
籠,l,ang,7,替
棒,p,ang,7,
蚌,p,ang,7,
縫,ph,ang,7,白
動,t,ang,7,白
重,t,ang,7,白
礙,g,ai,7,
亥,h,ai,7,
害,h,ai,7,
械,h,ai,7,
蟹,h,ai,7,文
內,l,ai,7,白
利,l,ai,7,白
鴟,l,ai,7,替
昧,m,ai,7,
覓,m,ai,7,替
賣,m,ai,7,文
邁,m,ai,7,
奈,n,ai,7,文
耐,n,ai,7,
荔,n,ai,7,
賴,n,ai,7,文
艾,ng,ai,7,文
敗,p,ai,7,
似,s,ai,7,白
侍,s,ai,7,白
姒,s,ai,7,
祀,s,ai,7,白
事,t,ai,7,白
代,t,ai,7,文
大,t,ai,7,文
待,t,ai,7,白
舵,t,ai,7,文
袋,t,ai,7,文
貸,t,ai,7,
逮,t,ai,7,
黛,t,ai,7,
𩸙,t,ai,7,
待,th,ai,7,文
態,th,ai,7,
在,ts,ai,7,
祀,tsh,ai,7,白
𫞼,tsh,ai,7,替
偝,,ainn,7,替
揹,ph,ainn,7,替
后,,au,7,白
後,,au,7,白
㴘,b,au,7,替
貿,b,au,7,
候,h,au,7,
後,h,au,7,白
效,h,au,7,
校,h,au,7,
鱟,h,au,7,
厚,k,au,7,白
詬,k,au,7,替
漏,l,au,7,白
老,l,au,7,白
鬧,l,au,7,
貌,m,au,7,
鬧,n,au,7,
樂,ng,au,7,
藕,ng,au,7,
鮑,p,au,7,
抱,ph,au,7,文
痘,t,au,7,白
脰,t,au,7,
讀,t,au,7,白
豆,t,au,7,
毒,th,au,7,白
找,ts,au,7,
妹,b,e,7,
未,b,e,7,白
袂,b,e,7,替
賣,b,e,7,白
下,,e,7,白
會,,e,7,替
禍,,e,7,白
毅,g,e,7,
藝,g,e,7,
詣,g,e,7,
下,h,e,7,白
係,h,e,7,
夏,h,e,7,白
系,h,e,7,
繫,h,e,7,
蟹,h,e,7,白
低,k,e,7,替
例,l,e,7,
勵,l,e,7,
厲,l,e,7,文
戾,l,e,7,
篱,l,e,7,替
鑢,l,e,7,替
鱺,l,e,7,替
麗,l,e,7,
罵,m,e,7,白
硬,ng,e,7,白
敝,p,e,7,
斃,p,e,7,
爸,p,e,7,
耙,p,e,7,
稗,ph,e,7,
被,ph,e,7,白
誓,s,e,7,文
代,t,e,7,白
地,t,e,7,文
弟,t,e,7,文
第,t,e,7,
苧,t,e,7,白
袋,t,e,7,白
遞,t,e,7,
䖳,th,e,7,
坐,ts,e,7,白
寨,ts,e,7,
濟,ts,e,7,替
罪,ts,e,7,白
坐,tsh,e,7,替
揣,tsh,e,7,替
病,p,enn,7,白
怦,ph,enn,7,替
捏,t,enn,7,替
鄭,t,enn,7,白
靜,ts,enn,7,白
味,b,i,7,
媚,b,i,7,
寐,b,i,7,
未,b,i,7,文
沬,b,i,7,替
謎,b,i,7,
魅,b,i,7,
毅,g,i,7,
義,g,i,7,
誼,g,i,7,
議,g,i,7,
耳,h,i,7,白
奕,,i,7,
易,,i,7,
異,,i,7,
預,,i,7,白
二,j,i,7,
字,j,i,7,
膩,j,i,7,
貳,j,i,7,
餌,j,i,7,
忌,kh,i,7,
柿,kh,i,7,
巨,k,i,7,
己,k,i,7,白
忌,k,i,7,
拒,k,i,7,白
距,k,i,7,
二,l,i,7,
俐,l,i,7,
利,l,i,7,文
厲,l,i,7,白
吏,l,i,7,
呂,l,i,7,白
字,l,i,7,
慮,l,i,7,
濾,l,i,7,
痢,l,i,7,
膩,l,i,7,
貳,l,i,7,
離,l,i,7,
餌,l,i,7,
麵,m,i,7,白
硬,ng,i,7,白
爾,n,i,7,替
莉,n,i,7,替
備,p,i,7,
婢,p,i,7,
被,p,i,7,文
避,p,i,7,
寺,s,i,7,
序,s,i,7,替
是,s,i,7,
氏,s,i,7,
示,s,i,7,
窸,s,i,7,替
視,s,i,7,
雉,th,i,7,
佇,t,i,7,
地,t,i,7,文
底,t,i,7,替
弟,t,i,7,白
治,t,i,7,
滯,t,i,7,
痔,t,i,7,
稚,t,i,7,
箸,t,i,7,
緻,t,i,7,
市,tsh,i,7,
飼,tsh,i,7,
巳,ts,i,7,白
硯,h,inn,7,
耳,h,inn,7,白
院,,inn,7,
鼻,ph,inn,7,
病,p,inn,7,白
辮,p,inn,7,
豉,s,inn,7,替
紩,th,inn,7,替
捏,t,inn,7,替
滇,t,inn,7,替
鄭,t,inn,7,
舐,ts,inn,7,
扲,g,im,7,替
任,j,im,7,
妗,k,im,7,
任,l,im,7,
愖,s,im,7,替
甚,s,im,7,
朕,t,im,7,
燖,t,im,7,替
蝒,b,in,7,替
面,b,in,7,白
猌,g,in,7,替
恨,h,in,7,白
孕,,in,7,
運,,in,7,白
認,j,in,7,
近,k,in,7,
吝,l,in,7,
藺,l,in,7,
認,l,in,7,
剩,s,in,7,白
慎,s,in,7,
腎,s,in,7,文
伨,th,in,7,替
陣,t,in,7,白
儘,ts,in,7,
盡,ts,in,7,
贐,ts,in,7,
命,b,ing,7,文
孟,b,ing,7,
硬,g,ing,7,文
倖,h,ing,7,
幸,h,ing,7,
杏,h,ing,7,
荇,h,ing,7,
莧,h,ing,7,
行,h,ing,7,
貺,h,ing,7,替
用,,ing,7,白
虹,kh,ing,7,
勁,k,ing,7,
楗,k,ing,7,替
競,k,ing,7,
令,l,ing,7,
冗,l,ing,7,
另,l,ing,7,
楝,l,ing,7,白
稜,l,ing,7,替
翎,l,ing,7,替
鴒,l,ing,7,替
並,ph,ing,7,白
並,p,ing,7,文
病,p,ing,7,文
乘,s,ing,7,
倖,s,ing,7,替
剩,s,ing,7,文
晟,s,ing,7,
盛,s,ing,7,
定,t,ing,7,文
橂,t,ing,7,替
碇,t,ing,7,文
訂,t,ing,7,
鄧,t,ing,7,
鄭,t,ing,7,文
錠,t,ing,7,文
𠕇,t,ing,7,替
穿,tsh,ing,7,替
淨,ts,ing,7,
贈,ts,ing,7,
靖,ts,ing,7,
靜,ts,ing,7,文
瓦,h,ia,7,白
蟻,h,ia,7,白
也,,ia,7,
夜,,ia,7,
掖,,ia,7,替
徛,kh,ia,7,替
崎,k,ia,7,替
命,m,ia,7,白
爾,n,ia,7,替
陵,n,ia,7,替
射,s,ia,7,
社,s,ia,7,
謝,s,ia,7,文
麝,s,ia,7,
謝,ts,ia,7,白
艾,h,iann,7,白
焱,,iann,7,
颺,,iann,7,
件,k,iann,7,
健,k,iann,7,白
盛,s,iann,7,
𣛮,s,iann,7,
侹,th,iann,7,替
定,t,iann,7,白
碇,t,iann,7,白
錠,t,iann,7,白
掙,ts,iann,7,替
驗,g,iam,7,
炎,,iam,7,
焰,,iam,7,
燄,,iam,7,
豔,,iam,7,
儉,kh,iam,7,
唸,l,iam,7,
念,l,iam,7,
捻,l,iam,7,
殮,l,iam,7,
填,th,iam,7,
墊,t,iam,7,
恬,t,iam,7,替
暫,ts,iam,7,
漸,ts,iam,7,
面,b,ian,7,文
麵,b,ian,7,文
彥,g,ian,7,
殗,g,ian,7,
炫,h,ian,7,
現,h,ian,7,
健,k,ian,7,文
胘,k,ian,7,替
腱,k,ian,7,文
鍵,k,ian,7,
楝,l,ian,7,文
煉,l,ian,7,
練,l,ian,7,
鍊,l,ian,7,
便,p,ian,7,文
辨,p,ian,7,
辯,p,ian,7,
善,s,ian,7,
擅,s,ian,7,
禪,s,ian,7,
羨,s,ian,7,
腎,s,ian,7,白
蟮,s,ian,7,替
鱔,s,ian,7,
𤺪,s,ian,7,替
佃,t,ian,7,
奠,t,ian,7,
殿,t,ian,7,
電,t,ian,7,
賤,ts,ian,7,
踐,ts,ian,7,
偝,,iang,7,替
煬,,iang,7,
亮,l,iang,7,
龐,ph,iang,7,替
上,s,iang,7,替
𫝛,s,iang,7,
䢢,tsh,iang,7,替
耀,,iau,7,
撟,k,iau,7,替
撬,k,iau,7,替
轎,k,iau,7,文
廖,l,iau,7,
料,l,iau,7,
繚,l,iau,7,替
妙,m,iau,7,
篠,s,iau,7,
紹,s,iau,7,
柱,th,iau,7,白
祧,th,iau,7,
𤶃,th,iau,7,替
兆,t,iau,7,
掉,t,iau,7,
肇,t,iau,7,
調,t,iau,7,
廟,b,io,7,
蕎,g,io,7,替
后,h,io,7,文
後,h,io,7,文
喲,,io,7,替
尿,j,io,7,
轎,k,io,7,白
尿,l,io,7,
鰾,p,io,7,
邵,s,io,7,
癜,t,io,7,替
趙,t,io,7,
炤,tsh,io,7,替
樣,,iong,7,文
用,,iong,7,文
讓,j,iong,7,文
釀,j,iong,7,
共,k,iong,7,文
強,k,iong,7,
亮,l,iong,7,
冗,l,iong,7,
諒,l,iong,7,
讓,l,iong,7,文
輛,l,iong,7,白
釀,l,iong,7,
量,l,iong,7,文
上,s,iong,7,文
像,s,iong,7,文
剩,s,iong,7,
尚,s,iong,7,文
訟,s,iong,7,
誦,s,iong,7,
象,s,iong,7,文
頌,s,iong,7,
丈,t,iong,7,文
仗,t,iong,7,
仲,t,iong,7,
杖,t,iong,7,文
重,t,iong,7,文
狀,ts,iong,7,文
繆,b,iu,7,
謬,b,iu,7,
佑,,iu,7,
又,,iu,7,
右,,iu,7,
宥,,iu,7,
柚,,iu,7,
祐,,iu,7,
𩚨,kh,iu,7,替
咎,k,iu,7,
柩,k,iu,7,
舅,k,iu,7,文
舊,k,iu,7,文
餾,l,iu,7,
讓,n,iu,7,白
量,n,iu,7,白
受,s,iu,7,
售,s,iu,7,
壽,s,iu,7,
岫,s,iu,7,
授,s,iu,7,
宙,t,iu,7,
稻,t,iu,7,替
紂,t,iu,7,
樹,tsh,iu,7,白
就,ts,iu,7,
樣,,iunn,7,白
噤,kh,iunn,7,替
尚,s,iunn,7,白
想,s,iunn,7,白
象,s,iunn,7,替
丈,t,iunn,7,白
上,tsh,iunn,7,白
像,tsh,iunn,7,白
匠,tsh,iunn,7,
象,tsh,iunn,7,白
上,ts,iunn,7,白
癢,ts,iunn,7,白
毋,,m,7,替
遠,h,ng,7,白
問,m,ng,7,白
兩,n,ng,7,白
卵,n,ng,7,白
傍,p,ng,7,白
飯,p,ng,7,白
杖,th,ng,7,白
熥,th,ng,7,替
碭,th,ng,7,替
丈,t,ng,7,白
搪,t,ng,7,替
斷,t,ng,7,白
盪,t,ng,7,白
蕩,t,ng,7,白
旋,ts,ng,7,替
狀,ts,ng,7,白
臟,ts,ng,7,白
帽,b,o,7,
磨,b,o,7,文
餓,g,o,7,
和,h,o,7,
昊,h,o,7,
浩,h,o,7,
皓,h,o,7,
禍,h,o,7,文
號,h,o,7,
賀,h,o,7,
滒,k,o,7,替
翱,k,o,7,替
勞,l,o,7,
囉,l,o,7,替
烙,l,o,7,替
號,l,o,7,替
抱,ph,o,7,白
部,ph,o,7,替
抱,p,o,7,俗
暴,p,o,7,文
唆,s,o,7,
導,t,o,7,
就,t,o,7,替
悼,t,o,7,
惰,t,o,7,文
盜,t,o,7,
稻,t,o,7,
舵,t,o,7,文
蹈,t,o,7,
道,t,o,7,
嘈,ts,o,7,替
坐,ts,o,7,文
座,ts,o,7,
皂,ts,o,7,替
造,ts,o,7,
茂,,om,7,替
墓,b,ong,7,
夢,b,ong,7,文
妄,b,ong,7,
忘,b,ong,7,
望,b,ong,7,文
戇,g,ong,7,
俸,h,ong,7,
奉,h,ong,7,
鳳,h,ong,7,
吭,kh,ong,7,替
鞏,kh,ong,7,替
弄,l,ong,7,文
浪,l,ong,7,
旺,,ong,7,
滂,ph,ong,7,替
蓬,ph,ong,7,替
傍,p,ong,7,文
碰,p,ong,7,
磅,p,ong,7,
蓬,p,ong,7,替
宕,th,ong,7,
緟,th,ong,7,替
動,t,ong,7,文
撞,t,ong,7,
洞,t,ong,7,
盪,t,ong,7,文
蕩,t,ong,7,文
狀,ts,ong,7,文
臟,ts,ong,7,文
藏,ts,ong,7,
募,b,oo,7,
墓,b,oo,7,
幕,b,oo,7,
慕,b,oo,7,
戊,b,oo,7,
摹,b,oo,7,
暮,b,oo,7,
茂,b,oo,7,
貿,b,oo,7,
五,g,oo,7,白
午,g,oo,7,白
誤,g,oo,7,
予,h,oo,7,
互,h,oo,7,
厚,h,oo,7,文
后,h,oo,7,文
後,h,oo,7,文
戶,h,oo,7,
扈,h,oo,7,
滬,h,oo,7,
皓,h,oo,7,
護,h,oo,7,
雨,h,oo,7,白
怙,k,oo,7,替
漏,l,oo,7,文
蕗,l,oo,7,
賂,l,oo,7,
路,l,oo,7,
陋,l,oo,7,
露,l,oo,7,
鷺,l,oo,7,
𢲸,l,oo,7,替
冒,m,oo,7,
傲,ng,oo,7,
悟,ng,oo,7,
臥,ng,oo,7,
怒,n,oo,7,
懦,n,oo,7,
芋,,oo,7,白
廍,ph,oo,7,替
簿,ph,oo,7,
哺,p,oo,7,替
埠,p,oo,7,
步,p,oo,7,
部,p,oo,7,
度,t,oo,7,
杜,t,oo,7,
渡,t,oo,7,
痘,t,oo,7,文
竇,t,oo,7,
肚,t,oo,7,
荳,t,oo,7,
讀,t,oo,7,文
鍍,t,oo,7,
助,ts,oo,7,
務,b,u,7,
霧,b,u,7,
寓,g,u,7,
御,g,u,7,
禦,g,u,7,
遇,g,u,7,
傅,h,u,7,文
婦,h,u,7,文
父,h,u,7,
腐,h,u,7,白
負,h,u,7,
附,h,u,7,
喻,j,u,7,
裕,j,u,7,
諭,j,u,7,
俱,kh,u,7,
具,kh,u,7,白
臼,kh,u,7,
具,k,u,7,文
巨,k,u,7,
懼,k,u,7,
拒,k,u,7,白
舅,k,u,7,白
舊,k,u,7,白
距,k,u,7,
呂,l,u,7,白
喻,l,u,7,
慮,l,u,7,
瀘,l,u,7,
裕,l,u,7,
諭,l,u,7,
鋁,l,u,7,
浡,ph,u,7,替
婦,p,u,7,白
孵,p,u,7,替
事,s,u,7,文
仕,s,u,7,
似,s,u,7,文
侍,s,u,7,文
嗣,s,u,7,
士,s,u,7,
嶼,s,u,7,
巳,s,u,7,文
序,s,u,7,文
敘,s,u,7,
樹,s,u,7,文
祀,s,u,7,文
緒,s,u,7,
署,s,u,7,白
豎,s,u,7,
呲,tsh,u,7,替
澍,tsh,u,7,替
跙,tsh,u,7,替
住,ts,u,7,
柱,ts,u,7,文
聚,ts,u,7,
自,ts,u,7,
苴,ts,u,7,替
嘟,t,u,7,替
箸,t,u,7,
駐,t,u,7,替
有,,u,7,白
芋,,u,7,文
譽,,u,7,
豫,,u,7,
預,,u,7,白
問,b,un,7,文
悶,b,un,7,
燜,b,un,7,替
份,h,un,7,
分,h,un,7,
恨,h,un,7,文
昏,h,un,7,替
混,h,un,7,
潤,j,un,7,
閏,j,un,7,
韌,j,un,7,
近,k,un,7,
郡,k,un,7,
崙,l,un,7,
潤,l,un,7,
論,l,un,7,
閏,l,un,7,
韌,l,un,7,
畚,p,un,7,
笨,p,un,7,
循,s,un,7,
順,s,un,7,
坉,th,un,7,替
捘,ts,un,7,替
陣,ts,un,7,文
屯,t,un,7,
沌,t,un,7,
燉,t,un,7,
遁,t,un,7,
鈍,t,un,7,
暈,,un,7,
運,,un,7,文
韻,,un,7,
偌,g,ua,7,替
外,g,ua,7,白
嘩,h,ua,7,替
樺,h,ua,7,
譁,h,ua,7,
呱,k,ua,7,替
瀨,l,ua,7,
賴,l,ua,7,白
蔓,m,ua,7,替
僆,n,ua,7,替
懶,n,ua,7,白
瀾,n,ua,7,替
爛,n,ua,7,白
倏,s,ua,7,替
汰,th,ua,7,替
豸,th,ua,7,
娶,tsh,ua,7,替
泄,tsh,ua,7,替
𤆬,tsh,ua,7,替
誓,ts,ua,7,白
逝,ts,ua,7,
大,t,ua,7,白
舵,t,ua,7,白
岸,h,uann,7,白
扞,h,uann,7,替
旱,h,uann,7,白
銲,h,uann,7,
捾,k,uann,7,替
汗,k,uann,7,白
綰,k,uann,7,替
伴,ph,uann,7,白
拌,p,uann,7,替
濺,ts,uann,7,替
彈,t,uann,7,白
惰,t,uann,7,白
段,t,uann,7,白
換,,uann,7,
旱,,uann,7,白
願,g,uan,7,
凡,h,uan,7,
宦,h,uan,7,
患,h,uan,7,
梵,h,uan,7,
泛,h,uan,7,
犯,h,uan,7,
範,h,uan,7,文
范,h,uan,7,
還,h,uan,7,替
飯,h,uan,7,文
倦,k,uan,7,
縣,k,uan,7,
亂,l,uan,7,文
戀,l,uan,7,
伴,ph,uan,7,文
叛,p,uan,7,
畔,p,uan,7,
漩,s,uan,7,替
璇,s,uan,7,替
訕,s,uan,7,替
撰,ts,uan,7,
轉,ts,uan,7,替
傳,t,uan,7,
斷,t,uan,7,文
段,t,uan,7,文
緞,t,uan,7,
援,,uan,7,
緩,,uan,7,
壞,h,uai,7,
拐,k,uainn,7,替
檨,s,uainn,7,替
跩,ts,uainn,7,替
未,b,ue,7,白
袂,b,ue,7,替
賣,b,ue,7,白
外,g,ue,7,文
匯,h,ue,7,
慧,h,ue,7,
會,h,ue,7,
繪,h,ue,7,
薈,h,ue,7,
叡,j,ue,7,
銳,j,ue,7,
內,l,ue,7,文
叡,l,ue,7,
篱,l,ue,7,替
銳,l,ue,7,
鑢,l,ue,7,替
妹,m,ue,7,
稗,ph,ue,7,
被,ph,ue,7,白
佩,p,ue,7,
倍,p,ue,7,
培,p,ue,7,替
悖,p,ue,7,
焙,p,ue,7,
狽,p,ue,7,
背,p,ue,7,
揣,tsh,ue,7,替
濟,ts,ue,7,替
睡,ts,ue,7,白
罪,ts,ue,7,文
兌,t,ue,7,文
地,t,ue,7,文
苧,t,ue,7,白
畫,,ue,7,
衛,,ue,7,
話,,ue,7,
偽,g,ui,7,
魏,g,ui,7,
吠,h,ui,7,文
彗,h,ui,7,
惠,h,ui,7,
慧,h,ui,7,
櫃,k,ui,7,
膭,k,ui,7,替
跪,k,ui,7,
饋,k,ui,7,
淚,l,ui,7,
累,l,ui,7,
縋,l,ui,7,替
類,l,ui,7,
吠,p,ui,7,白
瑞,s,ui,7,
睡,s,ui,7,文
穗,s,ui,7,
遂,s,ui,7,
隧,s,ui,7,
悴,ts,ui,7,
兌,t,ui,7,白
墜,t,ui,7,
墮,t,ui,7,
隊,t,ui,7,
位,,ui,7,
為,,ui,7,
緯,,ui,7,
胃,,ui,7,
謂,,ui,7,
曷,,ah,8,替
盒,,ah,8,白
協,h,ah,8,
合,h,ah,8,白
箬,h,ah,8,
卡,kh,ah,8,替
闔,kh,ah,8,替
曆,l,ah,8,白
獵,l,ah,8,白
臘,l,ah,8,白
蠟,l,ah,8,白
鱲,l,ah,8,替
煠,s,ah,8,
踏,t,ah,8,白
疊,th,ah,8,白
鍘,ts,ah,8,
閘,ts,ah,8,
狎,,ap,8,
盒,,ap,8,文
合,h,ap,8,文
闔,h,ap,8,
磕,kh,ap,8,
納,l,ap,8,
蠟,l,ap,8,文
衲,l,ap,8,
沓,t,ap,8,
踏,t,ap,8,文
十,ts,ap,8,白
咂,ts,ap,8,替
雜,ts,ap,8,
㴙,tsh,ap,8,替
眨,tsh,ap,8,替
密,b,at,8,白
乏,h,at,8,白
核,h,at,8,白
力,l,at,8,白
栗,l,at,8,白
別,p,at,8,白
菝,p,at,8,替
值,t,at,8,白
笛,t,at,8,白
達,t,at,8,
實,ts,at,8,白
賊,ts,at,8,白
賊,tsh,at,8,白
墨,b,ak,8,白
木,b,ak,8,白
目,b,ak,8,白
茉,b,ak,8,
岳,g,ak,8,
嶽,g,ak,8,
樂,g,ak,8,
獄,g,ak,8,白
學,h,ak,8,文
礐,h,ak,8,替
捔,k,ak,8,替
咯,kh,ak,8,替
六,l,ak,8,白
慄,l,ak,8,替
搦,l,ak,8,替
磟,l,ak,8,
陸,l,ak,8,白
縛,p,ak,8,
贌,p,ak,8,
曝,ph,ak,8,白
濁,t,ak,8,白
獨,t,ak,8,白
碡,t,ak,8,
逐,t,ak,8,白
讀,th,ak,8,白
嗾,ts,ak,8,替
鑿,tsh,ak,8,白
落,l,auh,8,替
雹,ph,auh,8,
沓,t,auh,8,替
嘈,tsh,auh,8,替
澩,h,aunnh,8,替
摳,kh,aunnh,8,替
麥,b,eh,8,
狹,,eh,8,白
月,g,eh,8,白
扴,k,eh,8,替
挈,kh,eh,8,
剺,l,eh,8,替
笠,l,eh,8,白
脈,m,eh,8,白
挾,ng,eh,8,
帛,p,eh,8,白
白,p,eh,8,白
沫,ph,eh,8,替
踅,s,eh,8,
宅,th,eh,8,白
提,th,eh,8,替
絕,ts,eh,8,白
喀,kh,ennh,8,替
篾,b,ih,8,白
裂,l,ih,8,白
物,m,ih,8,白
咇,ph,ih,8,替
窸,s,ih,8,替
蝕,s,ih,8,白
喋,th,ih,8,替
挃,t,ih,8,替
碟,t,ih,8,白
揤,tsh,ih,8,替
蠘,tsh,ih,8,替
折,ts,ih,8,白
舌,ts,ih,8,白
入,j,ip,8,
扱,kh,ip,8,替
及,k,ip,8,
入,l,ip,8,
立,l,ip,8,
笠,l,ip,8,文
十,s,ip,8,文
拾,s,ip,8,
習,s,ip,8,
襲,s,ip,8,
緝,ts,ip,8,白
輯,ts,ip,8,文
集,ts,ip,8,
𠯗,ts,ip,8,替
密,b,it,8,文
沕,b,it,8,替
蜜,b,it,8,
逸,,it,8,
日,j,it,8,
杙,kh,it,8,替
煡,kh,it,8,替
日,l,it,8,
暱,l,it,8,
實,s,it,8,文
植,s,it,8,
殖,s,it,8,
翼,s,it,8,白
食,s,it,8,文
值,t,it,8,文
姪,t,it,8,白
植,t,it,8,俗
直,t,it,8,
蟄,t,it,8,
一,ts,it,8,替
疾,ts,it,8,
墨,b,ik,8,文
脈,b,ik,8,文
覓,b,ik,8,
陌,b,ik,8,
默,b,ik,8,
獄,g,ik,8,文
玉,g,ik,8,白
虐,g,ik,8,白
逆,g,ik,8,
額,g,ik,8,文
域,h,ik,8,白
惑,h,ik,8,
或,h,ik,8,
核,h,ik,8,文
穫,h,ik,8,
肉,h,ik,8,白
亦,,ik,8,
劃,,ik,8,文
域,,ik,8,文
役,,ik,8,文
扼,,ik,8,
易,,ik,8,文
浴,,ik,8,白
液,,ik,8,
疫,,ik,8,文
翼,,ik,8,文
腋,,ik,8,
譯,,ik,8,
逸,,ik,8,
驛,,ik,8,文
劇,k,ik,8,
極,k,ik,8,
力,l,ik,8,文
勒,l,ik,8,
匿,l,ik,8,
壢,l,ik,8,
暱,l,ik,8,
曆,l,ik,8,文
栗,l,ik,8,文
歷,l,ik,8,
溺,l,ik,8,
碌,l,ik,8,白
綠,l,ik,8,白
肋,l,ik,8,
錄,l,ik,8,白
靂,l,ik,8,
帛,p,ik,8,文
白,p,ik,8,文
闢,p,ik,8,
夕,s,ik,8,文
席,s,ik,8,
殖,s,ik,8,
熟,s,ik,8,白
石,s,ik,8,文
碩,s,ik,8,
蝕,s,ik,8,文
宅,th,ik,8,文
擇,t,ik,8,
敵,t,ik,8,
澤,t,ik,8,
特,t,ik,8,
狄,t,ik,8,
的,t,ik,8,
笛,t,ik,8,文
糴,t,ik,8,文
翟,t,ik,8,
軸,t,ik,8,
迪,t,ik,8,
摵,tsh,ik,8,替
踔,tsh,ik,8,
寂,ts,ik,8,
疾,ts,ik,8,
籍,ts,ik,8,
賊,ts,ik,8,文
攑,g,iah,8,替
額,g,iah,8,白
額,h,iah,8,白
役,,iah,8,白
抑,,iah,8,
易,,iah,8,白
疫,,iah,8,白
蛾,,iah,8,替
蝶,,iah,8,白
頁,,iah,8,
驛,,iah,8,白
屐,k,iah,8,
掠,l,iah,8,白
甓,ph,iah,8,
癖,ph,iah,8,
夕,s,iah,8,白
杓,s,iah,8,
石,s,iah,8,白
糴,t,iah,8,白
炸,ts,iah,8,替
食,ts,iah,8,白
挾,g,iap,8,
業,g,iap,8,
協,h,iap,8,
拹,h,iap,8,替
狹,h,iap,8,文
脅,h,iap,8,
葉,,iap,8,
廿,j,iap,8,
廿,l,iap,8,
捏,l,iap,8,
獵,l,iap,8,文
粒,l,iap,8,
聶,l,iap,8,
臘,l,iap,8,文
洩,s,iap,8,
涉,s,iap,8,
疊,th,iap,8,文
揲,t,iap,8,替
牒,t,iap,8,
碟,t,iap,8,文
蝶,t,iap,8,文
諜,t,iap,8,
捷,ts,iap,8,文
滅,b,iat,8,
篾,b,iat,8,文
蔑,b,iat,8,
孽,g,iat,8,
穴,h,iat,8,
悅,,iat,8,
擛,,iat,8,替
閱,,iat,8,白
熱,j,iat,8,文
坷,kh,iat,8,
傑,k,iat,8,
杰,k,iat,8,
桀,k,iat,8,
列,l,iat,8,
烈,l,iat,8,
熱,l,iat,8,文
裂,l,iat,8,文
別,p,iat,8,文
舌,s,iat,8,文
帙,t,iat,8,
秩,t,iat,8,
跌,t,iat,8,
轍,t,iat,8,
迭,t,iat,8,
截,ts,iat,8,
捷,ts,iat,8,白
確,kh,iak,8,替
擗,ph,iak,8,替
擉,t,iak,8,替
嚓,tsh,iak,8,替
蟯,ng,iauh,8,替
虐,g,ioh,8,白
謔,g,ioh,8,
葉,h,ioh,8,替
鴞,h,ioh,8,替
藥,,ioh,8,白
鑰,,ioh,8,白
略,l,ioh,8,
液,s,ioh,8,替
著,t,ioh,8,白
蓆,tsh,ioh,8,
石,ts,ioh,8,白
玉,g,iok,8,文
虐,g,iok,8,文
慾,,iok,8,
昱,,iok,8,
欲,,iok,8,
浴,,iok,8,文
籲,,iok,8,
育,,iok,8,
藥,,iok,8,文
躍,,iok,8,
鑰,,iok,8,文
弱,j,iok,8,
搙,j,iok,8,替
肉,j,iok,8,文
若,j,iok,8,文
褥,j,iok,8,
辱,j,iok,8,
侷,k,iok,8,
劇,k,iok,8,俗
局,k,iok,8,
六,l,iok,8,文
弱,l,iok,8,
戮,l,iok,8,
掠,l,iok,8,文
搙,l,iok,8,替
略,l,iok,8,
綠,l,iok,8,文
肉,l,iok,8,文
若,l,iok,8,文
褥,l,iok,8,
辱,l,iok,8,
錄,l,iok,8,文
陸,l,iok,8,文
俗,s,iok,8,
塾,s,iok,8,
屬,s,iok,8,
熟,s,iok,8,文
續,s,iok,8,
蜀,s,iok,8,
贖,s,iok,8,
築,t,iok,8,
著,t,iok,8,文
逐,t,iok,8,文
浞,tsh,iok,8,替
噷,h,mh,8,替
物,m,ngh,8,白
莫,b,oh,8,
鶴,h,oh,8,白
絡,l,oh,8,替
落,l,oh,8,白
駱,l,oh,8,
學,,oh,8,白
箔,p,oh,8,
薄,p,oh,8,白
倒,th,oh,8,替
擇,t,oh,8,
著,t,oh,8,
昨,ts,oh,8,
寞,b,ok,8,
木,b,ok,8,文
沐,b,ok,8,
漠,b,ok,8,
牧,b,ok,8,
目,b,ok,8,文
睦,b,ok,8,
穆,b,ok,8,
莫,b,ok,8,
嘓,g,ok,8,替
愕,g,ok,8,
伏,h,ok,8,
復,h,ok,8,
服,h,ok,8,
茯,h,ok,8,
袱,h,ok,8,
複,h,ok,8,
鶴,h,ok,8,文
柝,kh,ok,8,
硞,kh,ok,8,
鱷,kh,ok,8,
咯,k,ok,8,
嘓,k,ok,8,替
焗,k,ok,8,替
咯,l,ok,8,
樂,l,ok,8,
洛,l,ok,8,
漉,l,ok,8,替
烙,l,ok,8,
碌,l,ok,8,文
祿,l,ok,8,
絡,l,ok,8,
落,l,ok,8,文
諾,l,ok,8,
轆,l,ok,8,
錄,l,ok,8,俗
陸,l,ok,8,文
露,l,ok,8,俗
駱,l,ok,8,
鹿,l,ok,8,
噗,ph,ok,8,
曝,ph,ok,8,文
泡,ph,ok,8,替
簿,ph,ok,8,俗
僕,p,ok,8,
暴,p,ok,8,白
泊,p,ok,8,
爆,p,ok,8,
薄,p,ok,8,文
讀,th,ok,8,文
度,t,ok,8,
毒,t,ok,8,文
濁,t,ok,8,文
牘,t,ok,8,
犢,t,ok,8,
獨,t,ok,8,文
鑿,tsh,ok,8,文
族,ts,ok,8,
鏃,ts,ok,8,
瘼,m,ooh,8,替
膜,m,ooh,8,
浡,ph,uh,8,替
揬,t,uh,8,
勿,b,ut,8,
沒,b,ut,8,
物,b,ut,8,文
𢪱,b,ut,8,替
佛,h,ut,8,文
核,h,ut,8,白
𣮈,kh,ut,8,替
掘,k,ut,8,
滑,k,ut,8,
猾,k,ut,8,
律,l,ut,8,
率,l,ut,8,白
𧿳,ph,ut,8,替
佛,p,ut,8,白
勃,p,ut,8,
窣,s,ut,8,
術,s,ut,8,替
述,s,ut,8,
脫,th,ut,8,替
秫,ts,ut,8,
突,t,ut,8,
聿,,ut,8,替
遹,,ut,8,替
末,b,uah,8,白
茉,b,uah,8,
伐,h,uah,8,白
熱,j,uah,8,白
埒,l,uah,8,
捋,l,uah,8,
熱,l,uah,8,白
辣,l,uah,8,
袚,ph,uah,8,替
拔,p,uah,8,白
跋,p,uah,8,替
鈸,p,uah,8,白
斜,tsh,uah,8,替
差,ts,uah,8,替
縒,ts,uah,8,替
蚻,ts,uah,8,替
掇,t,uah,8,
活,,uah,8,白
末,b,uat,8,文
襪,b,uat,8,文
月,g,uat,8,文
乏,h,uat,8,文
伐,h,uat,8,文
活,h,uat,8,文
發,h,uat,8,替
罰,h,uat,8,
劣,l,uat,8,
拔,p,uat,8,文
菝,p,uat,8,替
跋,p,uat,8,
鈸,p,uat,8,文
絕,ts,uat,8,文
奪,t,uat,8,
悅,,uat,8,
曰,,uat,8,
越,,uat,8,
閱,,uat,8,文
襪,b,ueh,8,白
月,g,ueh,8,白
橛,k,ueh,8,
沫,ph,ueh,8,替
拔,p,ueh,8,白
劃,,ueh,8,白
狹,,uih,8,白
劃,,uih,8,白
